file_id,view_url,download_url
1-GcC3Nx1yV4r_HWtMyzo7QtlZGCFik9j,https://drive.google.com/uc?export=view&id=1-GcC3Nx1yV4r_HWtMyzo7QtlZGCFik9j,https://drive.google.com/uc?export=download&id=1-GcC3Nx1yV4r_HWtMyzo7QtlZGCFik9j
1-JoXU6_2PgCllO13N6OOv574fMMJNn7-,https://drive.google.com/uc?export=view&id=1-JoXU6_2PgCllO13N6OOv574fMMJNn7-,https://drive.google.com/uc?export=download&id=1-JoXU6_2PgCllO13N6OOv574fMMJNn7-
1-XLyWZxr8Q6igrneYIt5WXxOipXDqJKJ,https://drive.google.com/uc?export=view&id=1-XLyWZxr8Q6igrneYIt5WXxOipXDqJKJ,https://drive.google.com/uc?export=download&id=1-XLyWZxr8Q6igrneYIt5WXxOipXDqJKJ
1-w6SlHj6z6GbljT84RblNFtBFolSY7kf,https://drive.google.com/uc?export=view&id=1-w6SlHj6z6GbljT84RblNFtBFolSY7kf,https://drive.google.com/uc?export=download&id=1-w6SlHj6z6GbljT84RblNFtBFolSY7kf
1-xMp3BjL8sbje7wR_dCJ5dGGa-jonlmA,https://drive.google.com/uc?export=view&id=1-xMp3BjL8sbje7wR_dCJ5dGGa-jonlmA,https://drive.google.com/uc?export=download&id=1-xMp3BjL8sbje7wR_dCJ5dGGa-jonlmA
1-zirwSl4Sfab7Du3vRhwhzd8_jotBEJM,https://drive.google.com/uc?export=view&id=1-zirwSl4Sfab7Du3vRhwhzd8_jotBEJM,https://drive.google.com/uc?export=download&id=1-zirwSl4Sfab7Du3vRhwhzd8_jotBEJM
105F5pYa-658hnnI6Pc-ebl_dTJgQWrEM,https://drive.google.com/uc?export=view&id=105F5pYa-658hnnI6Pc-ebl_dTJgQWrEM,https://drive.google.com/uc?export=download&id=105F5pYa-658hnnI6Pc-ebl_dTJgQWrEM
10FiO-vK0vnU62k3gNmNMwRQNWOhRDMjS,https://drive.google.com/uc?export=view&id=10FiO-vK0vnU62k3gNmNMwRQNWOhRDMjS,https://drive.google.com/uc?export=download&id=10FiO-vK0vnU62k3gNmNMwRQNWOhRDMjS
10LDyQtYwQLoptDY_LGhsHXArns8tqVJH,https://drive.google.com/uc?export=view&id=10LDyQtYwQLoptDY_LGhsHXArns8tqVJH,https://drive.google.com/uc?export=download&id=10LDyQtYwQLoptDY_LGhsHXArns8tqVJH
10aftDFyTLt_6HynOSS8gNA5yIkA_HO2u,https://drive.google.com/uc?export=view&id=10aftDFyTLt_6HynOSS8gNA5yIkA_HO2u,https://drive.google.com/uc?export=download&id=10aftDFyTLt_6HynOSS8gNA5yIkA_HO2u
10mJehhm_qTmPzKAmy48MTOHfhCDPRBWb,https://drive.google.com/uc?export=view&id=10mJehhm_qTmPzKAmy48MTOHfhCDPRBWb,https://drive.google.com/uc?export=download&id=10mJehhm_qTmPzKAmy48MTOHfhCDPRBWb
11ENNaJ-64cqMNz_xHZ2YG40ZVh8aiyQJ,https://drive.google.com/uc?export=view&id=11ENNaJ-64cqMNz_xHZ2YG40ZVh8aiyQJ,https://drive.google.com/uc?export=download&id=11ENNaJ-64cqMNz_xHZ2YG40ZVh8aiyQJ
11zOX8MRNdHDr5OAk-gY1QZX0kHn6XiDz,https://drive.google.com/uc?export=view&id=11zOX8MRNdHDr5OAk-gY1QZX0kHn6XiDz,https://drive.google.com/uc?export=download&id=11zOX8MRNdHDr5OAk-gY1QZX0kHn6XiDz
126nyxmzBedTm04wELePlL8vmXlAxJPRk,https://drive.google.com/uc?export=view&id=126nyxmzBedTm04wELePlL8vmXlAxJPRk,https://drive.google.com/uc?export=download&id=126nyxmzBedTm04wELePlL8vmXlAxJPRk
127MzqeDJ-fCnquJRgih5Xk27Hlc6LZCi,https://drive.google.com/uc?export=view&id=127MzqeDJ-fCnquJRgih5Xk27Hlc6LZCi,https://drive.google.com/uc?export=download&id=127MzqeDJ-fCnquJRgih5Xk27Hlc6LZCi
12DZHlEqe9G3yE4VixZ6-6gip4Ur82QIQ,https://drive.google.com/uc?export=view&id=12DZHlEqe9G3yE4VixZ6-6gip4Ur82QIQ,https://drive.google.com/uc?export=download&id=12DZHlEqe9G3yE4VixZ6-6gip4Ur82QIQ
12ItlWshPnkjR00CzjmYGUykIp5MshSK9,https://drive.google.com/uc?export=view&id=12ItlWshPnkjR00CzjmYGUykIp5MshSK9,https://drive.google.com/uc?export=download&id=12ItlWshPnkjR00CzjmYGUykIp5MshSK9
12Jk-TTefc0DPRah0Do4woX4taXRRFHSw,https://drive.google.com/uc?export=view&id=12Jk-TTefc0DPRah0Do4woX4taXRRFHSw,https://drive.google.com/uc?export=download&id=12Jk-TTefc0DPRah0Do4woX4taXRRFHSw
12WtoE5Ubp2fiZAbkwf-sA0cIqkm89SK6,https://drive.google.com/uc?export=view&id=12WtoE5Ubp2fiZAbkwf-sA0cIqkm89SK6,https://drive.google.com/uc?export=download&id=12WtoE5Ubp2fiZAbkwf-sA0cIqkm89SK6
12ZzWtdn13mVqoQ4HF6l21S3YVdbnnlpc,https://drive.google.com/uc?export=view&id=12ZzWtdn13mVqoQ4HF6l21S3YVdbnnlpc,https://drive.google.com/uc?export=download&id=12ZzWtdn13mVqoQ4HF6l21S3YVdbnnlpc
138QbU0ow620zm7Ziz6stgtEAb4nAhJ6E,https://drive.google.com/uc?export=view&id=138QbU0ow620zm7Ziz6stgtEAb4nAhJ6E,https://drive.google.com/uc?export=download&id=138QbU0ow620zm7Ziz6stgtEAb4nAhJ6E
13HET6eM4MHE8FWOXx7sI9bQXCreA2jGY,https://drive.google.com/uc?export=view&id=13HET6eM4MHE8FWOXx7sI9bQXCreA2jGY,https://drive.google.com/uc?export=download&id=13HET6eM4MHE8FWOXx7sI9bQXCreA2jGY
13I7a1G-YmXHCje-MDZX32HOFzzPtlw8C,https://drive.google.com/uc?export=view&id=13I7a1G-YmXHCje-MDZX32HOFzzPtlw8C,https://drive.google.com/uc?export=download&id=13I7a1G-YmXHCje-MDZX32HOFzzPtlw8C
14-So3QTGTXuRCqhaY7G_QxJLWRrnRUD9,https://drive.google.com/uc?export=view&id=14-So3QTGTXuRCqhaY7G_QxJLWRrnRUD9,https://drive.google.com/uc?export=download&id=14-So3QTGTXuRCqhaY7G_QxJLWRrnRUD9
147OjMgQYbODuScMBeS37b8w8nAibmZsT,https://drive.google.com/uc?export=view&id=147OjMgQYbODuScMBeS37b8w8nAibmZsT,https://drive.google.com/uc?export=download&id=147OjMgQYbODuScMBeS37b8w8nAibmZsT
148BszoO7sfoJGQEC3VF0i-YogTOp8MvC,https://drive.google.com/uc?export=view&id=148BszoO7sfoJGQEC3VF0i-YogTOp8MvC,https://drive.google.com/uc?export=download&id=148BszoO7sfoJGQEC3VF0i-YogTOp8MvC
14BwPUTc9va7PPrNFpa5j8rqM74K9A8So,https://drive.google.com/uc?export=view&id=14BwPUTc9va7PPrNFpa5j8rqM74K9A8So,https://drive.google.com/uc?export=download&id=14BwPUTc9va7PPrNFpa5j8rqM74K9A8So
14DpdFRSgOXwjF7XoBT0hJ6-v7hGgDzsG,https://drive.google.com/uc?export=view&id=14DpdFRSgOXwjF7XoBT0hJ6-v7hGgDzsG,https://drive.google.com/uc?export=download&id=14DpdFRSgOXwjF7XoBT0hJ6-v7hGgDzsG
14F57MkrrtC5xIbGNS3nTN36J83ak_1sZ,https://drive.google.com/uc?export=view&id=14F57MkrrtC5xIbGNS3nTN36J83ak_1sZ,https://drive.google.com/uc?export=download&id=14F57MkrrtC5xIbGNS3nTN36J83ak_1sZ
14iudAEOjhV0fnfC1XTxGBHfsDaHgnjBU,https://drive.google.com/uc?export=view&id=14iudAEOjhV0fnfC1XTxGBHfsDaHgnjBU,https://drive.google.com/uc?export=download&id=14iudAEOjhV0fnfC1XTxGBHfsDaHgnjBU
14oLzedJo9RlQssnl7sMohyrywT16vZmh,https://drive.google.com/uc?export=view&id=14oLzedJo9RlQssnl7sMohyrywT16vZmh,https://drive.google.com/uc?export=download&id=14oLzedJo9RlQssnl7sMohyrywT16vZmh
14oqVk9qQKMB8Sp5wlP87GT3B1JjWGJoB,https://drive.google.com/uc?export=view&id=14oqVk9qQKMB8Sp5wlP87GT3B1JjWGJoB,https://drive.google.com/uc?export=download&id=14oqVk9qQKMB8Sp5wlP87GT3B1JjWGJoB
1511QX249jIXBm3NBsQK9Wg6ijYuOnHUj,https://drive.google.com/uc?export=view&id=1511QX249jIXBm3NBsQK9Wg6ijYuOnHUj,https://drive.google.com/uc?export=download&id=1511QX249jIXBm3NBsQK9Wg6ijYuOnHUj
159_3EKuJkWz5TKYtLjgLBUurA0xDvMZi,https://drive.google.com/uc?export=view&id=159_3EKuJkWz5TKYtLjgLBUurA0xDvMZi,https://drive.google.com/uc?export=download&id=159_3EKuJkWz5TKYtLjgLBUurA0xDvMZi
15WvCncJs4Ef6mXAy6GuoSlVeMGTvJwuG,https://drive.google.com/uc?export=view&id=15WvCncJs4Ef6mXAy6GuoSlVeMGTvJwuG,https://drive.google.com/uc?export=download&id=15WvCncJs4Ef6mXAy6GuoSlVeMGTvJwuG
15XgSpbFnzTLrdCRgPmVNOiKrfL5_M7Ut,https://drive.google.com/uc?export=view&id=15XgSpbFnzTLrdCRgPmVNOiKrfL5_M7Ut,https://drive.google.com/uc?export=download&id=15XgSpbFnzTLrdCRgPmVNOiKrfL5_M7Ut
15yUTPoOcIo-8DyKc4hmv6iguxiLoHAa3,https://drive.google.com/uc?export=view&id=15yUTPoOcIo-8DyKc4hmv6iguxiLoHAa3,https://drive.google.com/uc?export=download&id=15yUTPoOcIo-8DyKc4hmv6iguxiLoHAa3
166xC9aA50IaQCvR909WxUro9jx939V7K,https://drive.google.com/uc?export=view&id=166xC9aA50IaQCvR909WxUro9jx939V7K,https://drive.google.com/uc?export=download&id=166xC9aA50IaQCvR909WxUro9jx939V7K
16CQVB2lUuGIOFooJpevmmnxGwtJeMlDf,https://drive.google.com/uc?export=view&id=16CQVB2lUuGIOFooJpevmmnxGwtJeMlDf,https://drive.google.com/uc?export=download&id=16CQVB2lUuGIOFooJpevmmnxGwtJeMlDf
16F3ZSszj6nRT7WWxfx_lehm4Lb6abI6W,https://drive.google.com/uc?export=view&id=16F3ZSszj6nRT7WWxfx_lehm4Lb6abI6W,https://drive.google.com/uc?export=download&id=16F3ZSszj6nRT7WWxfx_lehm4Lb6abI6W
170PM70sivD-5PpWxF4qVzofiOmkrHmty,https://drive.google.com/uc?export=view&id=170PM70sivD-5PpWxF4qVzofiOmkrHmty,https://drive.google.com/uc?export=download&id=170PM70sivD-5PpWxF4qVzofiOmkrHmty
173csUY06EGBda76UZLTeBdw8Q99AcyBd,https://drive.google.com/uc?export=view&id=173csUY06EGBda76UZLTeBdw8Q99AcyBd,https://drive.google.com/uc?export=download&id=173csUY06EGBda76UZLTeBdw8Q99AcyBd
17C-OtxcJ9iOM0olQm_IZ5clFzNUQmdpU,https://drive.google.com/uc?export=view&id=17C-OtxcJ9iOM0olQm_IZ5clFzNUQmdpU,https://drive.google.com/uc?export=download&id=17C-OtxcJ9iOM0olQm_IZ5clFzNUQmdpU
17Suj86U--nMZ_KNuHIlR7mc5o8eoY0Hq,https://drive.google.com/uc?export=view&id=17Suj86U--nMZ_KNuHIlR7mc5o8eoY0Hq,https://drive.google.com/uc?export=download&id=17Suj86U--nMZ_KNuHIlR7mc5o8eoY0Hq
17ieMa2BVMIP-7lNCleygcTAOLLk9t9Yy,https://drive.google.com/uc?export=view&id=17ieMa2BVMIP-7lNCleygcTAOLLk9t9Yy,https://drive.google.com/uc?export=download&id=17ieMa2BVMIP-7lNCleygcTAOLLk9t9Yy
17mLK5bwwTXtiKCU4xbZ872nHiE3jyoJH,https://drive.google.com/uc?export=view&id=17mLK5bwwTXtiKCU4xbZ872nHiE3jyoJH,https://drive.google.com/uc?export=download&id=17mLK5bwwTXtiKCU4xbZ872nHiE3jyoJH
17q0Xmzf98-v_C7jD7k1ZMLV-W77QO1Pe,https://drive.google.com/uc?export=view&id=17q0Xmzf98-v_C7jD7k1ZMLV-W77QO1Pe,https://drive.google.com/uc?export=download&id=17q0Xmzf98-v_C7jD7k1ZMLV-W77QO1Pe
17srqWNHzjT2i3zg7cX2LGiwPP-Amis2X,https://drive.google.com/uc?export=view&id=17srqWNHzjT2i3zg7cX2LGiwPP-Amis2X,https://drive.google.com/uc?export=download&id=17srqWNHzjT2i3zg7cX2LGiwPP-Amis2X
17x0oqUTtPk3X9WzY93LWhRiMaFFYxvhQ,https://drive.google.com/uc?export=view&id=17x0oqUTtPk3X9WzY93LWhRiMaFFYxvhQ,https://drive.google.com/uc?export=download&id=17x0oqUTtPk3X9WzY93LWhRiMaFFYxvhQ
17zcSbNlHrjZ8x9KoHf1_ROrVpmvZwidu,https://drive.google.com/uc?export=view&id=17zcSbNlHrjZ8x9KoHf1_ROrVpmvZwidu,https://drive.google.com/uc?export=download&id=17zcSbNlHrjZ8x9KoHf1_ROrVpmvZwidu
18-PPf6t_7xlJmoxkJW2UyRMgkEwoLQrD,https://drive.google.com/uc?export=view&id=18-PPf6t_7xlJmoxkJW2UyRMgkEwoLQrD,https://drive.google.com/uc?export=download&id=18-PPf6t_7xlJmoxkJW2UyRMgkEwoLQrD
180eRNvPAXhQDim3mL19w7YNef-7AwVnw,https://drive.google.com/uc?export=view&id=180eRNvPAXhQDim3mL19w7YNef-7AwVnw,https://drive.google.com/uc?export=download&id=180eRNvPAXhQDim3mL19w7YNef-7AwVnw
184j1EzCDYSl_-asBgA8idVNCdc3GdRnP,https://drive.google.com/uc?export=view&id=184j1EzCDYSl_-asBgA8idVNCdc3GdRnP,https://drive.google.com/uc?export=download&id=184j1EzCDYSl_-asBgA8idVNCdc3GdRnP
18MecZMtIxU3dBESOD3KnfiRASUifC0gT,https://drive.google.com/uc?export=view&id=18MecZMtIxU3dBESOD3KnfiRASUifC0gT,https://drive.google.com/uc?export=download&id=18MecZMtIxU3dBESOD3KnfiRASUifC0gT
18QqQzvU9KcbGfjjqUrrgqh64E4oDh_h6,https://drive.google.com/uc?export=view&id=18QqQzvU9KcbGfjjqUrrgqh64E4oDh_h6,https://drive.google.com/uc?export=download&id=18QqQzvU9KcbGfjjqUrrgqh64E4oDh_h6
18TDUVhr4OLJ9sVCk8LUNTfu8dCHiZ3OI,https://drive.google.com/uc?export=view&id=18TDUVhr4OLJ9sVCk8LUNTfu8dCHiZ3OI,https://drive.google.com/uc?export=download&id=18TDUVhr4OLJ9sVCk8LUNTfu8dCHiZ3OI
18X8kKFrQy3bKuuDI0V6OdYw54QQZTs9v,https://drive.google.com/uc?export=view&id=18X8kKFrQy3bKuuDI0V6OdYw54QQZTs9v,https://drive.google.com/uc?export=download&id=18X8kKFrQy3bKuuDI0V6OdYw54QQZTs9v
18Zv4IXbuz4kXItNUbuksueUqEj6KDgco,https://drive.google.com/uc?export=view&id=18Zv4IXbuz4kXItNUbuksueUqEj6KDgco,https://drive.google.com/uc?export=download&id=18Zv4IXbuz4kXItNUbuksueUqEj6KDgco
18b2zm1qU3STdI4yYwamz9hJ7R-bvcFDY,https://drive.google.com/uc?export=view&id=18b2zm1qU3STdI4yYwamz9hJ7R-bvcFDY,https://drive.google.com/uc?export=download&id=18b2zm1qU3STdI4yYwamz9hJ7R-bvcFDY
18mXttcO0Zs44-qaQMbFS--gMg18JENUj,https://drive.google.com/uc?export=view&id=18mXttcO0Zs44-qaQMbFS--gMg18JENUj,https://drive.google.com/uc?export=download&id=18mXttcO0Zs44-qaQMbFS--gMg18JENUj
18w6eN2-uJ8PdSqNPOlOrEP_cmBzzj0iA,https://drive.google.com/uc?export=view&id=18w6eN2-uJ8PdSqNPOlOrEP_cmBzzj0iA,https://drive.google.com/uc?export=download&id=18w6eN2-uJ8PdSqNPOlOrEP_cmBzzj0iA
19-owK7AiT8D84dQnxpXvh8wiFMUcq_2p,https://drive.google.com/uc?export=view&id=19-owK7AiT8D84dQnxpXvh8wiFMUcq_2p,https://drive.google.com/uc?export=download&id=19-owK7AiT8D84dQnxpXvh8wiFMUcq_2p
19Dnsr17W87fjKJ7dTMIFd1Ds9DO9N_10,https://drive.google.com/uc?export=view&id=19Dnsr17W87fjKJ7dTMIFd1Ds9DO9N_10,https://drive.google.com/uc?export=download&id=19Dnsr17W87fjKJ7dTMIFd1Ds9DO9N_10
19HJeQze_Cxq5Xc2ZjLP9F_8kf1jA_0rX,https://drive.google.com/uc?export=view&id=19HJeQze_Cxq5Xc2ZjLP9F_8kf1jA_0rX,https://drive.google.com/uc?export=download&id=19HJeQze_Cxq5Xc2ZjLP9F_8kf1jA_0rX
19Wl7mkM1tjO8wiM3QIDCj1FnOIuy-99r,https://drive.google.com/uc?export=view&id=19Wl7mkM1tjO8wiM3QIDCj1FnOIuy-99r,https://drive.google.com/uc?export=download&id=19Wl7mkM1tjO8wiM3QIDCj1FnOIuy-99r
19bVsEzfw_sNBTbMYL7EDxb4M6m9sVQeF,https://drive.google.com/uc?export=view&id=19bVsEzfw_sNBTbMYL7EDxb4M6m9sVQeF,https://drive.google.com/uc?export=download&id=19bVsEzfw_sNBTbMYL7EDxb4M6m9sVQeF
19rmCQPiMH3T1YRDEAnJHXGqanOR_v2wr,https://drive.google.com/uc?export=view&id=19rmCQPiMH3T1YRDEAnJHXGqanOR_v2wr,https://drive.google.com/uc?export=download&id=19rmCQPiMH3T1YRDEAnJHXGqanOR_v2wr
1AIanrWWiVCNE_3iZg6QF8ZVGlF88CSW5,https://drive.google.com/uc?export=view&id=1AIanrWWiVCNE_3iZg6QF8ZVGlF88CSW5,https://drive.google.com/uc?export=download&id=1AIanrWWiVCNE_3iZg6QF8ZVGlF88CSW5
1APbMf2-lW7vb4gUSxB89w7Sv1iaTfI27,https://drive.google.com/uc?export=view&id=1APbMf2-lW7vb4gUSxB89w7Sv1iaTfI27,https://drive.google.com/uc?export=download&id=1APbMf2-lW7vb4gUSxB89w7Sv1iaTfI27
1AVbkaG_t5_u17UQqnG1zj6HB_YVflYVw,https://drive.google.com/uc?export=view&id=1AVbkaG_t5_u17UQqnG1zj6HB_YVflYVw,https://drive.google.com/uc?export=download&id=1AVbkaG_t5_u17UQqnG1zj6HB_YVflYVw
1AkC1Bqx6SNOctP2mwPLIqetTI_h5VPY8,https://drive.google.com/uc?export=view&id=1AkC1Bqx6SNOctP2mwPLIqetTI_h5VPY8,https://drive.google.com/uc?export=download&id=1AkC1Bqx6SNOctP2mwPLIqetTI_h5VPY8
1AsRWbW7FvOlEWd02JiG8yEiBNM2Ng3H9,https://drive.google.com/uc?export=view&id=1AsRWbW7FvOlEWd02JiG8yEiBNM2Ng3H9,https://drive.google.com/uc?export=download&id=1AsRWbW7FvOlEWd02JiG8yEiBNM2Ng3H9
1B2MXNzfKiXW32KLbR7CuEz_tQrknGIrW,https://drive.google.com/uc?export=view&id=1B2MXNzfKiXW32KLbR7CuEz_tQrknGIrW,https://drive.google.com/uc?export=download&id=1B2MXNzfKiXW32KLbR7CuEz_tQrknGIrW
1B379In-vYF_P-LVDuNBZLoqTvFlGFIY2,https://drive.google.com/uc?export=view&id=1B379In-vYF_P-LVDuNBZLoqTvFlGFIY2,https://drive.google.com/uc?export=download&id=1B379In-vYF_P-LVDuNBZLoqTvFlGFIY2
1BDFwkoMe60Ubg1N-7mj6k0JDJ58rNTd0,https://drive.google.com/uc?export=view&id=1BDFwkoMe60Ubg1N-7mj6k0JDJ58rNTd0,https://drive.google.com/uc?export=download&id=1BDFwkoMe60Ubg1N-7mj6k0JDJ58rNTd0
1BMaOL29a0lu0NJcBErQ-3J4mJBvwpSTf,https://drive.google.com/uc?export=view&id=1BMaOL29a0lu0NJcBErQ-3J4mJBvwpSTf,https://drive.google.com/uc?export=download&id=1BMaOL29a0lu0NJcBErQ-3J4mJBvwpSTf
1BamSnY7FALLtVBw5402IMbYGfbLLoU9_,https://drive.google.com/uc?export=view&id=1BamSnY7FALLtVBw5402IMbYGfbLLoU9_,https://drive.google.com/uc?export=download&id=1BamSnY7FALLtVBw5402IMbYGfbLLoU9_
1Bbf3szTGeNSmZkeUV4JxTcOPKy_OjNWo,https://drive.google.com/uc?export=view&id=1Bbf3szTGeNSmZkeUV4JxTcOPKy_OjNWo,https://drive.google.com/uc?export=download&id=1Bbf3szTGeNSmZkeUV4JxTcOPKy_OjNWo
1BmSZMVqJx6sKhhrqxkmBkiieHRFd-KtP,https://drive.google.com/uc?export=view&id=1BmSZMVqJx6sKhhrqxkmBkiieHRFd-KtP,https://drive.google.com/uc?export=download&id=1BmSZMVqJx6sKhhrqxkmBkiieHRFd-KtP
1BzgrX0kZBtr1FzEXFWf5-7aTj-Nf4HUm,https://drive.google.com/uc?export=view&id=1BzgrX0kZBtr1FzEXFWf5-7aTj-Nf4HUm,https://drive.google.com/uc?export=download&id=1BzgrX0kZBtr1FzEXFWf5-7aTj-Nf4HUm
1C8PmqiEG_8lza9cJSVgD4wzmsBDymS1N,https://drive.google.com/uc?export=view&id=1C8PmqiEG_8lza9cJSVgD4wzmsBDymS1N,https://drive.google.com/uc?export=download&id=1C8PmqiEG_8lza9cJSVgD4wzmsBDymS1N
1CFJ1pJEnqRqSwPgVpVCcds0MMknW9zkb,https://drive.google.com/uc?export=view&id=1CFJ1pJEnqRqSwPgVpVCcds0MMknW9zkb,https://drive.google.com/uc?export=download&id=1CFJ1pJEnqRqSwPgVpVCcds0MMknW9zkb
1Ch1WnYhf1GArlxHT7II7K9qXuUYG3y0r,https://drive.google.com/uc?export=view&id=1Ch1WnYhf1GArlxHT7II7K9qXuUYG3y0r,https://drive.google.com/uc?export=download&id=1Ch1WnYhf1GArlxHT7II7K9qXuUYG3y0r
1CnwBWKke37sFj1Ypc3LR0rlNvx16O06m,https://drive.google.com/uc?export=view&id=1CnwBWKke37sFj1Ypc3LR0rlNvx16O06m,https://drive.google.com/uc?export=download&id=1CnwBWKke37sFj1Ypc3LR0rlNvx16O06m
1D-FG2BM2FN4psOJ9A_O618Z_nkWkI4b7,https://drive.google.com/uc?export=view&id=1D-FG2BM2FN4psOJ9A_O618Z_nkWkI4b7,https://drive.google.com/uc?export=download&id=1D-FG2BM2FN4psOJ9A_O618Z_nkWkI4b7
1D2TYuGRB_vJ3EdG_XklloengDUQH-u9j,https://drive.google.com/uc?export=view&id=1D2TYuGRB_vJ3EdG_XklloengDUQH-u9j,https://drive.google.com/uc?export=download&id=1D2TYuGRB_vJ3EdG_XklloengDUQH-u9j
1DFa900HiPB4W-9CIx3UdufQdx5oorGy_,https://drive.google.com/uc?export=view&id=1DFa900HiPB4W-9CIx3UdufQdx5oorGy_,https://drive.google.com/uc?export=download&id=1DFa900HiPB4W-9CIx3UdufQdx5oorGy_
1DMRX0-m1i8o-MgZfkuc8KGvnJHSS-BRQ,https://drive.google.com/uc?export=view&id=1DMRX0-m1i8o-MgZfkuc8KGvnJHSS-BRQ,https://drive.google.com/uc?export=download&id=1DMRX0-m1i8o-MgZfkuc8KGvnJHSS-BRQ
1DbReA5-WZp6LPcKizOmBymzIsFN37pak,https://drive.google.com/uc?export=view&id=1DbReA5-WZp6LPcKizOmBymzIsFN37pak,https://drive.google.com/uc?export=download&id=1DbReA5-WZp6LPcKizOmBymzIsFN37pak
1Du2cqgNX8450G9fuHabi0F4NPpjbkGwD,https://drive.google.com/uc?export=view&id=1Du2cqgNX8450G9fuHabi0F4NPpjbkGwD,https://drive.google.com/uc?export=download&id=1Du2cqgNX8450G9fuHabi0F4NPpjbkGwD
1E5lsw3_XP6vj0QzxqGD9pDDBNSFmATIb,https://drive.google.com/uc?export=view&id=1E5lsw3_XP6vj0QzxqGD9pDDBNSFmATIb,https://drive.google.com/uc?export=download&id=1E5lsw3_XP6vj0QzxqGD9pDDBNSFmATIb
1EBsiCxMjENpzurCRKYt4dxgWr8XCprcR,https://drive.google.com/uc?export=view&id=1EBsiCxMjENpzurCRKYt4dxgWr8XCprcR,https://drive.google.com/uc?export=download&id=1EBsiCxMjENpzurCRKYt4dxgWr8XCprcR
1ER5BfZ_0wtwEF7WfnBS8WR8Fv-9dMgeZ,https://drive.google.com/uc?export=view&id=1ER5BfZ_0wtwEF7WfnBS8WR8Fv-9dMgeZ,https://drive.google.com/uc?export=download&id=1ER5BfZ_0wtwEF7WfnBS8WR8Fv-9dMgeZ
1E_VJrBwanTEAlhzKJp4SlUPusirpxS6L,https://drive.google.com/uc?export=view&id=1E_VJrBwanTEAlhzKJp4SlUPusirpxS6L,https://drive.google.com/uc?export=download&id=1E_VJrBwanTEAlhzKJp4SlUPusirpxS6L
1EmIjXSK_xs7Okge1DUua7dySEplxII9o,https://drive.google.com/uc?export=view&id=1EmIjXSK_xs7Okge1DUua7dySEplxII9o,https://drive.google.com/uc?export=download&id=1EmIjXSK_xs7Okge1DUua7dySEplxII9o
1EmKCRcvdOauWNV0OS631usw8G3sXBalJ,https://drive.google.com/uc?export=view&id=1EmKCRcvdOauWNV0OS631usw8G3sXBalJ,https://drive.google.com/uc?export=download&id=1EmKCRcvdOauWNV0OS631usw8G3sXBalJ
1EwPoBb2bJ2UW8xfwaRepa44dFSQ44Zlr,https://drive.google.com/uc?export=view&id=1EwPoBb2bJ2UW8xfwaRepa44dFSQ44Zlr,https://drive.google.com/uc?export=download&id=1EwPoBb2bJ2UW8xfwaRepa44dFSQ44Zlr
1EydXZ8ymafsg4Pw8BCoSyMi8VGO4Jshs,https://drive.google.com/uc?export=view&id=1EydXZ8ymafsg4Pw8BCoSyMi8VGO4Jshs,https://drive.google.com/uc?export=download&id=1EydXZ8ymafsg4Pw8BCoSyMi8VGO4Jshs
1Ezxv4PfyJ12KzVGMTiCjDumyeMpnBORL,https://drive.google.com/uc?export=view&id=1Ezxv4PfyJ12KzVGMTiCjDumyeMpnBORL,https://drive.google.com/uc?export=download&id=1Ezxv4PfyJ12KzVGMTiCjDumyeMpnBORL
1F5SOFjffaC-k9uEIJjzxDTFRjMp-H3YE,https://drive.google.com/uc?export=view&id=1F5SOFjffaC-k9uEIJjzxDTFRjMp-H3YE,https://drive.google.com/uc?export=download&id=1F5SOFjffaC-k9uEIJjzxDTFRjMp-H3YE
1F6Sqh5d49uec68DhC9NCsngkAgt4annC,https://drive.google.com/uc?export=view&id=1F6Sqh5d49uec68DhC9NCsngkAgt4annC,https://drive.google.com/uc?export=download&id=1F6Sqh5d49uec68DhC9NCsngkAgt4annC
1FJK64LHkYNKB_on0aFomnvlyGhFhsYUN,https://drive.google.com/uc?export=view&id=1FJK64LHkYNKB_on0aFomnvlyGhFhsYUN,https://drive.google.com/uc?export=download&id=1FJK64LHkYNKB_on0aFomnvlyGhFhsYUN
1FX76YlkVVmIw3eBlToWLRJ3lMINcPNDm,https://drive.google.com/uc?export=view&id=1FX76YlkVVmIw3eBlToWLRJ3lMINcPNDm,https://drive.google.com/uc?export=download&id=1FX76YlkVVmIw3eBlToWLRJ3lMINcPNDm
1FlFPpeHVRQLabJhrSPlvBX0WjKDJZkX2,https://drive.google.com/uc?export=view&id=1FlFPpeHVRQLabJhrSPlvBX0WjKDJZkX2,https://drive.google.com/uc?export=download&id=1FlFPpeHVRQLabJhrSPlvBX0WjKDJZkX2
1Fs-yjAq0ESRkNdqlkV83Xy2oKZpLSypr,https://drive.google.com/uc?export=view&id=1Fs-yjAq0ESRkNdqlkV83Xy2oKZpLSypr,https://drive.google.com/uc?export=download&id=1Fs-yjAq0ESRkNdqlkV83Xy2oKZpLSypr
1G37rjBVFTT0YyF4kB9AZtwMKvohKDK0w,https://drive.google.com/uc?export=view&id=1G37rjBVFTT0YyF4kB9AZtwMKvohKDK0w,https://drive.google.com/uc?export=download&id=1G37rjBVFTT0YyF4kB9AZtwMKvohKDK0w
1G7J07Ovt7AVCFip6XBm7DC6fx3O3Tfr2,https://drive.google.com/uc?export=view&id=1G7J07Ovt7AVCFip6XBm7DC6fx3O3Tfr2,https://drive.google.com/uc?export=download&id=1G7J07Ovt7AVCFip6XBm7DC6fx3O3Tfr2
1GUXLYqTYzXlnbp5izQEd6_Wb_iZ83Oic,https://drive.google.com/uc?export=view&id=1GUXLYqTYzXlnbp5izQEd6_Wb_iZ83Oic,https://drive.google.com/uc?export=download&id=1GUXLYqTYzXlnbp5izQEd6_Wb_iZ83Oic
1GUhYVL5IZ4yYOYTFV-lpkSpbUk5Nsw7d,https://drive.google.com/uc?export=view&id=1GUhYVL5IZ4yYOYTFV-lpkSpbUk5Nsw7d,https://drive.google.com/uc?export=download&id=1GUhYVL5IZ4yYOYTFV-lpkSpbUk5Nsw7d
1GWkIZPhT02ROXxAGVdw6pyQCtEAKxggY,https://drive.google.com/uc?export=view&id=1GWkIZPhT02ROXxAGVdw6pyQCtEAKxggY,https://drive.google.com/uc?export=download&id=1GWkIZPhT02ROXxAGVdw6pyQCtEAKxggY
1Ga7iyp-GnrDu8eYXNgYGM5URPmZRjLNx,https://drive.google.com/uc?export=view&id=1Ga7iyp-GnrDu8eYXNgYGM5URPmZRjLNx,https://drive.google.com/uc?export=download&id=1Ga7iyp-GnrDu8eYXNgYGM5URPmZRjLNx
1GlpUl68wPhPwKrqqSAVTzBIUSjKP2EOe,https://drive.google.com/uc?export=view&id=1GlpUl68wPhPwKrqqSAVTzBIUSjKP2EOe,https://drive.google.com/uc?export=download&id=1GlpUl68wPhPwKrqqSAVTzBIUSjKP2EOe
1Gpq3xfQ-MieGrPpiUKdyIXMRyf5GCGwO,https://drive.google.com/uc?export=view&id=1Gpq3xfQ-MieGrPpiUKdyIXMRyf5GCGwO,https://drive.google.com/uc?export=download&id=1Gpq3xfQ-MieGrPpiUKdyIXMRyf5GCGwO
1HEBb0_ICa6ekqOnLk9iH79yJ6sK1uHQS,https://drive.google.com/uc?export=view&id=1HEBb0_ICa6ekqOnLk9iH79yJ6sK1uHQS,https://drive.google.com/uc?export=download&id=1HEBb0_ICa6ekqOnLk9iH79yJ6sK1uHQS
1HckDq0S2jDFwNPAvO6E6lwoCjFSE1oOz,https://drive.google.com/uc?export=view&id=1HckDq0S2jDFwNPAvO6E6lwoCjFSE1oOz,https://drive.google.com/uc?export=download&id=1HckDq0S2jDFwNPAvO6E6lwoCjFSE1oOz
1Hy6jO22AScAV91ThIcKNspW3XeHAqz3f,https://drive.google.com/uc?export=view&id=1Hy6jO22AScAV91ThIcKNspW3XeHAqz3f,https://drive.google.com/uc?export=download&id=1Hy6jO22AScAV91ThIcKNspW3XeHAqz3f
1IXT62FB-4UNVGwjGnSFHTQ6wnHVa0vtW,https://drive.google.com/uc?export=view&id=1IXT62FB-4UNVGwjGnSFHTQ6wnHVa0vtW,https://drive.google.com/uc?export=download&id=1IXT62FB-4UNVGwjGnSFHTQ6wnHVa0vtW
1IcahsVeRH99eVH-s7CnkY-59hVuT6cSQ,https://drive.google.com/uc?export=view&id=1IcahsVeRH99eVH-s7CnkY-59hVuT6cSQ,https://drive.google.com/uc?export=download&id=1IcahsVeRH99eVH-s7CnkY-59hVuT6cSQ
1J2BlS9wBE-J9xXMiz-XzveWQDo4qL9XI,https://drive.google.com/uc?export=view&id=1J2BlS9wBE-J9xXMiz-XzveWQDo4qL9XI,https://drive.google.com/uc?export=download&id=1J2BlS9wBE-J9xXMiz-XzveWQDo4qL9XI
1J2V2Pd0PDyBX4Coyw2FRA-VwCgcLk9Xn,https://drive.google.com/uc?export=view&id=1J2V2Pd0PDyBX4Coyw2FRA-VwCgcLk9Xn,https://drive.google.com/uc?export=download&id=1J2V2Pd0PDyBX4Coyw2FRA-VwCgcLk9Xn
1JBzWb1dRw67v66reZHwrB0xKCJc-vSFY,https://drive.google.com/uc?export=view&id=1JBzWb1dRw67v66reZHwrB0xKCJc-vSFY,https://drive.google.com/uc?export=download&id=1JBzWb1dRw67v66reZHwrB0xKCJc-vSFY
1JK--t8FrAhAwt6Kdla-9M3mjqJDB-EO8,https://drive.google.com/uc?export=view&id=1JK--t8FrAhAwt6Kdla-9M3mjqJDB-EO8,https://drive.google.com/uc?export=download&id=1JK--t8FrAhAwt6Kdla-9M3mjqJDB-EO8
1JhP2-dmC1kouB0sJqjvfLcPH6v1_RXTg,https://drive.google.com/uc?export=view&id=1JhP2-dmC1kouB0sJqjvfLcPH6v1_RXTg,https://drive.google.com/uc?export=download&id=1JhP2-dmC1kouB0sJqjvfLcPH6v1_RXTg
1K6-Kh5fNntyCclmIEzF9bIphv9W-6Ave,https://drive.google.com/uc?export=view&id=1K6-Kh5fNntyCclmIEzF9bIphv9W-6Ave,https://drive.google.com/uc?export=download&id=1K6-Kh5fNntyCclmIEzF9bIphv9W-6Ave
1KVgYJFyv9K3gLJz5NV0ytAQKyPtAGjFV,https://drive.google.com/uc?export=view&id=1KVgYJFyv9K3gLJz5NV0ytAQKyPtAGjFV,https://drive.google.com/uc?export=download&id=1KVgYJFyv9K3gLJz5NV0ytAQKyPtAGjFV
1KakKKDvwNaCX50xQfzrWCradKVefV3ud,https://drive.google.com/uc?export=view&id=1KakKKDvwNaCX50xQfzrWCradKVefV3ud,https://drive.google.com/uc?export=download&id=1KakKKDvwNaCX50xQfzrWCradKVefV3ud
1KrLhxUsfIF_v6GZKjJCq9hl4FwFKHDzB,https://drive.google.com/uc?export=view&id=1KrLhxUsfIF_v6GZKjJCq9hl4FwFKHDzB,https://drive.google.com/uc?export=download&id=1KrLhxUsfIF_v6GZKjJCq9hl4FwFKHDzB
1Ks2BblWWV-gB4lCq-TolujjH9p02tZLN,https://drive.google.com/uc?export=view&id=1Ks2BblWWV-gB4lCq-TolujjH9p02tZLN,https://drive.google.com/uc?export=download&id=1Ks2BblWWV-gB4lCq-TolujjH9p02tZLN
1KsHe2NxQL4bY9kWRQ7UkPnDkia-Sy8_6,https://drive.google.com/uc?export=view&id=1KsHe2NxQL4bY9kWRQ7UkPnDkia-Sy8_6,https://drive.google.com/uc?export=download&id=1KsHe2NxQL4bY9kWRQ7UkPnDkia-Sy8_6
1KyM2zY9lfHwUnHLRv5VL5IXZUQrBv9n0,https://drive.google.com/uc?export=view&id=1KyM2zY9lfHwUnHLRv5VL5IXZUQrBv9n0,https://drive.google.com/uc?export=download&id=1KyM2zY9lfHwUnHLRv5VL5IXZUQrBv9n0
1L92doSskBOnZw98qz19m87mxa0T4QQQO,https://drive.google.com/uc?export=view&id=1L92doSskBOnZw98qz19m87mxa0T4QQQO,https://drive.google.com/uc?export=download&id=1L92doSskBOnZw98qz19m87mxa0T4QQQO
1LCvcqTxcejAq5TlMu2BQe6gaTREBmjzr,https://drive.google.com/uc?export=view&id=1LCvcqTxcejAq5TlMu2BQe6gaTREBmjzr,https://drive.google.com/uc?export=download&id=1LCvcqTxcejAq5TlMu2BQe6gaTREBmjzr
1LOwhbFnBAeTWpMZZbXvWek_H7fDFUH0x,https://drive.google.com/uc?export=view&id=1LOwhbFnBAeTWpMZZbXvWek_H7fDFUH0x,https://drive.google.com/uc?export=download&id=1LOwhbFnBAeTWpMZZbXvWek_H7fDFUH0x
1LfFt2TiCeurnnBgOfCVvlw6MjB4iF31e,https://drive.google.com/uc?export=view&id=1LfFt2TiCeurnnBgOfCVvlw6MjB4iF31e,https://drive.google.com/uc?export=download&id=1LfFt2TiCeurnnBgOfCVvlw6MjB4iF31e
1LpCtOQLBVjHE7hHIE7OTuSOIOBemHTFb,https://drive.google.com/uc?export=view&id=1LpCtOQLBVjHE7hHIE7OTuSOIOBemHTFb,https://drive.google.com/uc?export=download&id=1LpCtOQLBVjHE7hHIE7OTuSOIOBemHTFb
1Lu1QKvLiw9lX3zfhCUyBYHPd9TUgd5ap,https://drive.google.com/uc?export=view&id=1Lu1QKvLiw9lX3zfhCUyBYHPd9TUgd5ap,https://drive.google.com/uc?export=download&id=1Lu1QKvLiw9lX3zfhCUyBYHPd9TUgd5ap
1LueFmgwCCBLFH7cqFyX9QUpGwBWzzO7R,https://drive.google.com/uc?export=view&id=1LueFmgwCCBLFH7cqFyX9QUpGwBWzzO7R,https://drive.google.com/uc?export=download&id=1LueFmgwCCBLFH7cqFyX9QUpGwBWzzO7R
1LvbefAJJ-4QgETUoZLml4PsOLukNKP5J,https://drive.google.com/uc?export=view&id=1LvbefAJJ-4QgETUoZLml4PsOLukNKP5J,https://drive.google.com/uc?export=download&id=1LvbefAJJ-4QgETUoZLml4PsOLukNKP5J
1LydaxfBBWcS5fvJrRwCNlCgQpg89NX2p,https://drive.google.com/uc?export=view&id=1LydaxfBBWcS5fvJrRwCNlCgQpg89NX2p,https://drive.google.com/uc?export=download&id=1LydaxfBBWcS5fvJrRwCNlCgQpg89NX2p
1M5yJchw-b5vXSfpVtVlf1-TGVCNXMeeq,https://drive.google.com/uc?export=view&id=1M5yJchw-b5vXSfpVtVlf1-TGVCNXMeeq,https://drive.google.com/uc?export=download&id=1M5yJchw-b5vXSfpVtVlf1-TGVCNXMeeq
1M9lFd6s06wC9i5QP4Yd6dvYYoHeVns2P,https://drive.google.com/uc?export=view&id=1M9lFd6s06wC9i5QP4Yd6dvYYoHeVns2P,https://drive.google.com/uc?export=download&id=1M9lFd6s06wC9i5QP4Yd6dvYYoHeVns2P
1MBSBnNHOmQgTj-NFmTI0fEhXqfskF9qb,https://drive.google.com/uc?export=view&id=1MBSBnNHOmQgTj-NFmTI0fEhXqfskF9qb,https://drive.google.com/uc?export=download&id=1MBSBnNHOmQgTj-NFmTI0fEhXqfskF9qb
1MUXC93qiRlUhMnRjetYPgk6Z6itm0byM,https://drive.google.com/uc?export=view&id=1MUXC93qiRlUhMnRjetYPgk6Z6itm0byM,https://drive.google.com/uc?export=download&id=1MUXC93qiRlUhMnRjetYPgk6Z6itm0byM
1MVRX5wJl0k3GgxuVBhfkS9osfDpO0DLr,https://drive.google.com/uc?export=view&id=1MVRX5wJl0k3GgxuVBhfkS9osfDpO0DLr,https://drive.google.com/uc?export=download&id=1MVRX5wJl0k3GgxuVBhfkS9osfDpO0DLr
1MXq4MXPielZL-eBr6oMb5NF1dPBlfxcn,https://drive.google.com/uc?export=view&id=1MXq4MXPielZL-eBr6oMb5NF1dPBlfxcn,https://drive.google.com/uc?export=download&id=1MXq4MXPielZL-eBr6oMb5NF1dPBlfxcn
1MXwUZAGmznD2mK39DvJPybZok-trRtqx,https://drive.google.com/uc?export=view&id=1MXwUZAGmznD2mK39DvJPybZok-trRtqx,https://drive.google.com/uc?export=download&id=1MXwUZAGmznD2mK39DvJPybZok-trRtqx
1Mj7JIyzp1ARpZ0srkpADJxPcvdmhdFkI,https://drive.google.com/uc?export=view&id=1Mj7JIyzp1ARpZ0srkpADJxPcvdmhdFkI,https://drive.google.com/uc?export=download&id=1Mj7JIyzp1ARpZ0srkpADJxPcvdmhdFkI
1NBbe_6l7fiQvXD3TKoze61n_EFLkZgeo,https://drive.google.com/uc?export=view&id=1NBbe_6l7fiQvXD3TKoze61n_EFLkZgeo,https://drive.google.com/uc?export=download&id=1NBbe_6l7fiQvXD3TKoze61n_EFLkZgeo
1NMDbS2Dbqhf5T-DdhmsgWLlTN2xAyUfu,https://drive.google.com/uc?export=view&id=1NMDbS2Dbqhf5T-DdhmsgWLlTN2xAyUfu,https://drive.google.com/uc?export=download&id=1NMDbS2Dbqhf5T-DdhmsgWLlTN2xAyUfu
1NSG5KasHdjd7-szanXfoSMuhizoQG0gw,https://drive.google.com/uc?export=view&id=1NSG5KasHdjd7-szanXfoSMuhizoQG0gw,https://drive.google.com/uc?export=download&id=1NSG5KasHdjd7-szanXfoSMuhizoQG0gw
1NfJaMj0Ntc-IyfM_u-IP9qzJuwQiloOD,https://drive.google.com/uc?export=view&id=1NfJaMj0Ntc-IyfM_u-IP9qzJuwQiloOD,https://drive.google.com/uc?export=download&id=1NfJaMj0Ntc-IyfM_u-IP9qzJuwQiloOD
1OFyXVIWWpsIXClsjTDuszFJwaPrhZGU6,https://drive.google.com/uc?export=view&id=1OFyXVIWWpsIXClsjTDuszFJwaPrhZGU6,https://drive.google.com/uc?export=download&id=1OFyXVIWWpsIXClsjTDuszFJwaPrhZGU6
1OIAHhYSDn3S4EvIWfDUeB4wVwrFqe9wV,https://drive.google.com/uc?export=view&id=1OIAHhYSDn3S4EvIWfDUeB4wVwrFqe9wV,https://drive.google.com/uc?export=download&id=1OIAHhYSDn3S4EvIWfDUeB4wVwrFqe9wV
1OVknQ-l-Zifijj9jWXSzh7T4-NpzZQOC,https://drive.google.com/uc?export=view&id=1OVknQ-l-Zifijj9jWXSzh7T4-NpzZQOC,https://drive.google.com/uc?export=download&id=1OVknQ-l-Zifijj9jWXSzh7T4-NpzZQOC
1OYXzHx23VpnSD48zxp7tLqH2jBWBXPo6,https://drive.google.com/uc?export=view&id=1OYXzHx23VpnSD48zxp7tLqH2jBWBXPo6,https://drive.google.com/uc?export=download&id=1OYXzHx23VpnSD48zxp7tLqH2jBWBXPo6
1Oe_fipi06whFugirZEvBueX9TexZhGGP,https://drive.google.com/uc?export=view&id=1Oe_fipi06whFugirZEvBueX9TexZhGGP,https://drive.google.com/uc?export=download&id=1Oe_fipi06whFugirZEvBueX9TexZhGGP
1P73ohTLlD3TrDvOzBgfupNT1VS--Wu4K,https://drive.google.com/uc?export=view&id=1P73ohTLlD3TrDvOzBgfupNT1VS--Wu4K,https://drive.google.com/uc?export=download&id=1P73ohTLlD3TrDvOzBgfupNT1VS--Wu4K
1PMKaiZ231APdcUg7z6qhHfu5OjYe_bFc,https://drive.google.com/uc?export=view&id=1PMKaiZ231APdcUg7z6qhHfu5OjYe_bFc,https://drive.google.com/uc?export=download&id=1PMKaiZ231APdcUg7z6qhHfu5OjYe_bFc
1PXafg-nAigodwphNfwfWs1IRELKrGt-N,https://drive.google.com/uc?export=view&id=1PXafg-nAigodwphNfwfWs1IRELKrGt-N,https://drive.google.com/uc?export=download&id=1PXafg-nAigodwphNfwfWs1IRELKrGt-N
1PeQdxN66a8X_Wfv-9TK9FdWdw3qAtboI,https://drive.google.com/uc?export=view&id=1PeQdxN66a8X_Wfv-9TK9FdWdw3qAtboI,https://drive.google.com/uc?export=download&id=1PeQdxN66a8X_Wfv-9TK9FdWdw3qAtboI
1PixolLIoYdthwxFjB3M3NIU2iclmh1ME,https://drive.google.com/uc?export=view&id=1PixolLIoYdthwxFjB3M3NIU2iclmh1ME,https://drive.google.com/uc?export=download&id=1PixolLIoYdthwxFjB3M3NIU2iclmh1ME
1PkQqieyGg-5vgQSR4R38MsSEmZMw-8rl,https://drive.google.com/uc?export=view&id=1PkQqieyGg-5vgQSR4R38MsSEmZMw-8rl,https://drive.google.com/uc?export=download&id=1PkQqieyGg-5vgQSR4R38MsSEmZMw-8rl
1PkrlTFytZGfrULLserLxKgAzruO_Iazk,https://drive.google.com/uc?export=view&id=1PkrlTFytZGfrULLserLxKgAzruO_Iazk,https://drive.google.com/uc?export=download&id=1PkrlTFytZGfrULLserLxKgAzruO_Iazk
1Pr37tboMzcYmiiaIVZIm8cbAYM0fgKL6,https://drive.google.com/uc?export=view&id=1Pr37tboMzcYmiiaIVZIm8cbAYM0fgKL6,https://drive.google.com/uc?export=download&id=1Pr37tboMzcYmiiaIVZIm8cbAYM0fgKL6
1PsjR_GYypXoHYNfeeTXhFzJ7GUiV_kqm,https://drive.google.com/uc?export=view&id=1PsjR_GYypXoHYNfeeTXhFzJ7GUiV_kqm,https://drive.google.com/uc?export=download&id=1PsjR_GYypXoHYNfeeTXhFzJ7GUiV_kqm
1Pznhn3spU1gM6iW5pr2WIqcbysC3EaYH,https://drive.google.com/uc?export=view&id=1Pznhn3spU1gM6iW5pr2WIqcbysC3EaYH,https://drive.google.com/uc?export=download&id=1Pznhn3spU1gM6iW5pr2WIqcbysC3EaYH
1QAwR_93fA90ynE0KrlFaBSvs_kWTVrEx,https://drive.google.com/uc?export=view&id=1QAwR_93fA90ynE0KrlFaBSvs_kWTVrEx,https://drive.google.com/uc?export=download&id=1QAwR_93fA90ynE0KrlFaBSvs_kWTVrEx
1QTlOS_18dmAsbys0b7ejniFVJU6YGF_4,https://drive.google.com/uc?export=view&id=1QTlOS_18dmAsbys0b7ejniFVJU6YGF_4,https://drive.google.com/uc?export=download&id=1QTlOS_18dmAsbys0b7ejniFVJU6YGF_4
1QmjfxOtLd1myno-6NzpfQl6uIcz2updQ,https://drive.google.com/uc?export=view&id=1QmjfxOtLd1myno-6NzpfQl6uIcz2updQ,https://drive.google.com/uc?export=download&id=1QmjfxOtLd1myno-6NzpfQl6uIcz2updQ
1QoQWcSuUA4_PrQgrKYK202TBBKVE_Wjf,https://drive.google.com/uc?export=view&id=1QoQWcSuUA4_PrQgrKYK202TBBKVE_Wjf,https://drive.google.com/uc?export=download&id=1QoQWcSuUA4_PrQgrKYK202TBBKVE_Wjf
1Qrb3g10Fu0KmqnLM5cGF56mlSBJ-zK1r,https://drive.google.com/uc?export=view&id=1Qrb3g10Fu0KmqnLM5cGF56mlSBJ-zK1r,https://drive.google.com/uc?export=download&id=1Qrb3g10Fu0KmqnLM5cGF56mlSBJ-zK1r
1R3YtHsJJxKYPIYrIyBowhi068_7eJ1yv,https://drive.google.com/uc?export=view&id=1R3YtHsJJxKYPIYrIyBowhi068_7eJ1yv,https://drive.google.com/uc?export=download&id=1R3YtHsJJxKYPIYrIyBowhi068_7eJ1yv
1RZlb8M6zLdVBY-dHBvA7sqmUQYOp6seu,https://drive.google.com/uc?export=view&id=1RZlb8M6zLdVBY-dHBvA7sqmUQYOp6seu,https://drive.google.com/uc?export=download&id=1RZlb8M6zLdVBY-dHBvA7sqmUQYOp6seu
1Rg1tIVKvI-sey5gzkIQp_sB8q1q_-6Nh,https://drive.google.com/uc?export=view&id=1Rg1tIVKvI-sey5gzkIQp_sB8q1q_-6Nh,https://drive.google.com/uc?export=download&id=1Rg1tIVKvI-sey5gzkIQp_sB8q1q_-6Nh
1Rhh54oyOMmeonm42t1VxMhEOzc1KIF0Q,https://drive.google.com/uc?export=view&id=1Rhh54oyOMmeonm42t1VxMhEOzc1KIF0Q,https://drive.google.com/uc?export=download&id=1Rhh54oyOMmeonm42t1VxMhEOzc1KIF0Q
1RoxxBIMGNqG3334mMdwKxf52m8J60YFI,https://drive.google.com/uc?export=view&id=1RoxxBIMGNqG3334mMdwKxf52m8J60YFI,https://drive.google.com/uc?export=download&id=1RoxxBIMGNqG3334mMdwKxf52m8J60YFI
1RvCDtkLDPy27rEZnYeN_BsyetrzNNp_3,https://drive.google.com/uc?export=view&id=1RvCDtkLDPy27rEZnYeN_BsyetrzNNp_3,https://drive.google.com/uc?export=download&id=1RvCDtkLDPy27rEZnYeN_BsyetrzNNp_3
1Rxq93xdKCP-V1uUdJ1y4KgnktYB4zOSc,https://drive.google.com/uc?export=view&id=1Rxq93xdKCP-V1uUdJ1y4KgnktYB4zOSc,https://drive.google.com/uc?export=download&id=1Rxq93xdKCP-V1uUdJ1y4KgnktYB4zOSc
1S-4QhMOXmZbRWewsCYuvJs2QpgdL6yl6,https://drive.google.com/uc?export=view&id=1S-4QhMOXmZbRWewsCYuvJs2QpgdL6yl6,https://drive.google.com/uc?export=download&id=1S-4QhMOXmZbRWewsCYuvJs2QpgdL6yl6
1S0qpBoFBADkkbM8isQYPEdgLJxbM2S0T,https://drive.google.com/uc?export=view&id=1S0qpBoFBADkkbM8isQYPEdgLJxbM2S0T,https://drive.google.com/uc?export=download&id=1S0qpBoFBADkkbM8isQYPEdgLJxbM2S0T
1S2j8fwfcghokjDLjub9mdATrw0sjqBxm,https://drive.google.com/uc?export=view&id=1S2j8fwfcghokjDLjub9mdATrw0sjqBxm,https://drive.google.com/uc?export=download&id=1S2j8fwfcghokjDLjub9mdATrw0sjqBxm
1S6YK6pfUb9OdXIKZbHFr5-kklC879PNt,https://drive.google.com/uc?export=view&id=1S6YK6pfUb9OdXIKZbHFr5-kklC879PNt,https://drive.google.com/uc?export=download&id=1S6YK6pfUb9OdXIKZbHFr5-kklC879PNt
1SLFMmllHUQBpQpOrZ5tNAHY5WNYvbQE_,https://drive.google.com/uc?export=view&id=1SLFMmllHUQBpQpOrZ5tNAHY5WNYvbQE_,https://drive.google.com/uc?export=download&id=1SLFMmllHUQBpQpOrZ5tNAHY5WNYvbQE_
1SMfoPkKVQF24XdXFRyE2ItPq91bgnO-U,https://drive.google.com/uc?export=view&id=1SMfoPkKVQF24XdXFRyE2ItPq91bgnO-U,https://drive.google.com/uc?export=download&id=1SMfoPkKVQF24XdXFRyE2ItPq91bgnO-U
1SpTm4Fz6zTpT79C71cBZ7Eno0iNDIDvi,https://drive.google.com/uc?export=view&id=1SpTm4Fz6zTpT79C71cBZ7Eno0iNDIDvi,https://drive.google.com/uc?export=download&id=1SpTm4Fz6zTpT79C71cBZ7Eno0iNDIDvi
1SptLR2xm8o1mD0AmWIw6KYDqJXgMIBbp,https://drive.google.com/uc?export=view&id=1SptLR2xm8o1mD0AmWIw6KYDqJXgMIBbp,https://drive.google.com/uc?export=download&id=1SptLR2xm8o1mD0AmWIw6KYDqJXgMIBbp
1SqVBIBg6tR2ZWu-sPNIMm3hRmVLbSbIU,https://drive.google.com/uc?export=view&id=1SqVBIBg6tR2ZWu-sPNIMm3hRmVLbSbIU,https://drive.google.com/uc?export=download&id=1SqVBIBg6tR2ZWu-sPNIMm3hRmVLbSbIU
1Su5XUyLSDsWdjQIL1RktjXMH1T2PAaV0,https://drive.google.com/uc?export=view&id=1Su5XUyLSDsWdjQIL1RktjXMH1T2PAaV0,https://drive.google.com/uc?export=download&id=1Su5XUyLSDsWdjQIL1RktjXMH1T2PAaV0
1TPI6frHc0DbtngCdLJ0zKrz4d_SAfZrh,https://drive.google.com/uc?export=view&id=1TPI6frHc0DbtngCdLJ0zKrz4d_SAfZrh,https://drive.google.com/uc?export=download&id=1TPI6frHc0DbtngCdLJ0zKrz4d_SAfZrh
1TZsj6-5XUy9wytO6t0TDAAhq-zb_eyrQ,https://drive.google.com/uc?export=view&id=1TZsj6-5XUy9wytO6t0TDAAhq-zb_eyrQ,https://drive.google.com/uc?export=download&id=1TZsj6-5XUy9wytO6t0TDAAhq-zb_eyrQ
1T_-seiZH-pADHcWmMrgzvNO3mRKxKtU6,https://drive.google.com/uc?export=view&id=1T_-seiZH-pADHcWmMrgzvNO3mRKxKtU6,https://drive.google.com/uc?export=download&id=1T_-seiZH-pADHcWmMrgzvNO3mRKxKtU6
1Tr8KIgGWd112zOTVfkWlhUSIdeZxchtl,https://drive.google.com/uc?export=view&id=1Tr8KIgGWd112zOTVfkWlhUSIdeZxchtl,https://drive.google.com/uc?export=download&id=1Tr8KIgGWd112zOTVfkWlhUSIdeZxchtl
1U84cWJIImstb_SWE2J2Bn6MCyDEX5vjg,https://drive.google.com/uc?export=view&id=1U84cWJIImstb_SWE2J2Bn6MCyDEX5vjg,https://drive.google.com/uc?export=download&id=1U84cWJIImstb_SWE2J2Bn6MCyDEX5vjg
1U9DTOL3H7ruSYzkEAAe4WPFB07KRlPRo,https://drive.google.com/uc?export=view&id=1U9DTOL3H7ruSYzkEAAe4WPFB07KRlPRo,https://drive.google.com/uc?export=download&id=1U9DTOL3H7ruSYzkEAAe4WPFB07KRlPRo
1UAr2wXZiVf93KOrQI78SCSCgSAvrrJjZ,https://drive.google.com/uc?export=view&id=1UAr2wXZiVf93KOrQI78SCSCgSAvrrJjZ,https://drive.google.com/uc?export=download&id=1UAr2wXZiVf93KOrQI78SCSCgSAvrrJjZ
1UOvBBAMWSTQNPL5ULlBKSSpc8HqO6AkC,https://drive.google.com/uc?export=view&id=1UOvBBAMWSTQNPL5ULlBKSSpc8HqO6AkC,https://drive.google.com/uc?export=download&id=1UOvBBAMWSTQNPL5ULlBKSSpc8HqO6AkC
1UPOAGCTZWjn4Wre_jGeJ8WjmqXwWy3G3,https://drive.google.com/uc?export=view&id=1UPOAGCTZWjn4Wre_jGeJ8WjmqXwWy3G3,https://drive.google.com/uc?export=download&id=1UPOAGCTZWjn4Wre_jGeJ8WjmqXwWy3G3
1UqTwLs_PYRaWuq5yw0q_zr4fuurv3RHg,https://drive.google.com/uc?export=view&id=1UqTwLs_PYRaWuq5yw0q_zr4fuurv3RHg,https://drive.google.com/uc?export=download&id=1UqTwLs_PYRaWuq5yw0q_zr4fuurv3RHg
1UwKCFu0ZLWyXs7JRCsJH0XgbFANMN0b4,https://drive.google.com/uc?export=view&id=1UwKCFu0ZLWyXs7JRCsJH0XgbFANMN0b4,https://drive.google.com/uc?export=download&id=1UwKCFu0ZLWyXs7JRCsJH0XgbFANMN0b4
1V2NvAYY-oHWJzZRiELTlO4mBUDNr-goB,https://drive.google.com/uc?export=view&id=1V2NvAYY-oHWJzZRiELTlO4mBUDNr-goB,https://drive.google.com/uc?export=download&id=1V2NvAYY-oHWJzZRiELTlO4mBUDNr-goB
1V7EgDKXEfbMilQxxqplBuiiW60STRM-U,https://drive.google.com/uc?export=view&id=1V7EgDKXEfbMilQxxqplBuiiW60STRM-U,https://drive.google.com/uc?export=download&id=1V7EgDKXEfbMilQxxqplBuiiW60STRM-U
1VcvMb_19K2VLSXPfN6hrodHQBnEIH14D,https://drive.google.com/uc?export=view&id=1VcvMb_19K2VLSXPfN6hrodHQBnEIH14D,https://drive.google.com/uc?export=download&id=1VcvMb_19K2VLSXPfN6hrodHQBnEIH14D
1VeHk2Gpm5_H8fu1XQnot3jld6A0Vzee1,https://drive.google.com/uc?export=view&id=1VeHk2Gpm5_H8fu1XQnot3jld6A0Vzee1,https://drive.google.com/uc?export=download&id=1VeHk2Gpm5_H8fu1XQnot3jld6A0Vzee1
1ViDVi8LRHumcV7-EOJcv_KXGydn-hA3C,https://drive.google.com/uc?export=view&id=1ViDVi8LRHumcV7-EOJcv_KXGydn-hA3C,https://drive.google.com/uc?export=download&id=1ViDVi8LRHumcV7-EOJcv_KXGydn-hA3C
1WAU028hsE_MbibhrcbFgsg_cGPDiXEre,https://drive.google.com/uc?export=view&id=1WAU028hsE_MbibhrcbFgsg_cGPDiXEre,https://drive.google.com/uc?export=download&id=1WAU028hsE_MbibhrcbFgsg_cGPDiXEre
1WB9oMoCD4O8g3f5jb0A7xkVBLGz79lVs,https://drive.google.com/uc?export=view&id=1WB9oMoCD4O8g3f5jb0A7xkVBLGz79lVs,https://drive.google.com/uc?export=download&id=1WB9oMoCD4O8g3f5jb0A7xkVBLGz79lVs
1WFHzOKR2Yh5qacI_6ZXalWR54bL60JxW,https://drive.google.com/uc?export=view&id=1WFHzOKR2Yh5qacI_6ZXalWR54bL60JxW,https://drive.google.com/uc?export=download&id=1WFHzOKR2Yh5qacI_6ZXalWR54bL60JxW
1WO4FDlszdfHWKggJgxvF8S0mEnaKl4g_,https://drive.google.com/uc?export=view&id=1WO4FDlszdfHWKggJgxvF8S0mEnaKl4g_,https://drive.google.com/uc?export=download&id=1WO4FDlszdfHWKggJgxvF8S0mEnaKl4g_
1WvQKg17p1rP4vFDv7swGRPRhyZs__15Y,https://drive.google.com/uc?export=view&id=1WvQKg17p1rP4vFDv7swGRPRhyZs__15Y,https://drive.google.com/uc?export=download&id=1WvQKg17p1rP4vFDv7swGRPRhyZs__15Y
1X3Cgabto3X2FITv6j4Iw4MQrz8O_7Q8C,https://drive.google.com/uc?export=view&id=1X3Cgabto3X2FITv6j4Iw4MQrz8O_7Q8C,https://drive.google.com/uc?export=download&id=1X3Cgabto3X2FITv6j4Iw4MQrz8O_7Q8C
1XK7TVic1yguzfgXjZ12-nhN91NMRHjo8,https://drive.google.com/uc?export=view&id=1XK7TVic1yguzfgXjZ12-nhN91NMRHjo8,https://drive.google.com/uc?export=download&id=1XK7TVic1yguzfgXjZ12-nhN91NMRHjo8
1XMO9lr8FVLr9BojXOKGp1mLQ4NgZHz3g,https://drive.google.com/uc?export=view&id=1XMO9lr8FVLr9BojXOKGp1mLQ4NgZHz3g,https://drive.google.com/uc?export=download&id=1XMO9lr8FVLr9BojXOKGp1mLQ4NgZHz3g
1XSioj9rqssXHQR9--eG9zUwfUN1Amw-B,https://drive.google.com/uc?export=view&id=1XSioj9rqssXHQR9--eG9zUwfUN1Amw-B,https://drive.google.com/uc?export=download&id=1XSioj9rqssXHQR9--eG9zUwfUN1Amw-B
1X_U1hVG_e5prfDhL5MOkziCMs3pBFkh_,https://drive.google.com/uc?export=view&id=1X_U1hVG_e5prfDhL5MOkziCMs3pBFkh_,https://drive.google.com/uc?export=download&id=1X_U1hVG_e5prfDhL5MOkziCMs3pBFkh_
1XdPe3jkqD_AfUOQDIDt4WSRisrR7Px2d,https://drive.google.com/uc?export=view&id=1XdPe3jkqD_AfUOQDIDt4WSRisrR7Px2d,https://drive.google.com/uc?export=download&id=1XdPe3jkqD_AfUOQDIDt4WSRisrR7Px2d
1Xw_EB2rCWZtFTSMrt1Y3pBmN8vCVNMTp,https://drive.google.com/uc?export=view&id=1Xw_EB2rCWZtFTSMrt1Y3pBmN8vCVNMTp,https://drive.google.com/uc?export=download&id=1Xw_EB2rCWZtFTSMrt1Y3pBmN8vCVNMTp
1Xy9ZzRkWIsSaacQo5iuW4hOYQzYb9d6B,https://drive.google.com/uc?export=view&id=1Xy9ZzRkWIsSaacQo5iuW4hOYQzYb9d6B,https://drive.google.com/uc?export=download&id=1Xy9ZzRkWIsSaacQo5iuW4hOYQzYb9d6B
1YGT4TkhaPIfh7ux-x5ctkrszaiy_BQcN,https://drive.google.com/uc?export=view&id=1YGT4TkhaPIfh7ux-x5ctkrszaiy_BQcN,https://drive.google.com/uc?export=download&id=1YGT4TkhaPIfh7ux-x5ctkrszaiy_BQcN
1YKRn_unvxQUzR3jLHf3ASvjw-GJawHJ6,https://drive.google.com/uc?export=view&id=1YKRn_unvxQUzR3jLHf3ASvjw-GJawHJ6,https://drive.google.com/uc?export=download&id=1YKRn_unvxQUzR3jLHf3ASvjw-GJawHJ6
1YW-zyj33jeDd4ci3wnmay6L93zZsPeCh,https://drive.google.com/uc?export=view&id=1YW-zyj33jeDd4ci3wnmay6L93zZsPeCh,https://drive.google.com/uc?export=download&id=1YW-zyj33jeDd4ci3wnmay6L93zZsPeCh
1YnJa9sz46YECvBFOptKldMnP-L6MWOQV,https://drive.google.com/uc?export=view&id=1YnJa9sz46YECvBFOptKldMnP-L6MWOQV,https://drive.google.com/uc?export=download&id=1YnJa9sz46YECvBFOptKldMnP-L6MWOQV
1YoJHm9k0RXU2tXk2Z_qewW8h4shyx9uF,https://drive.google.com/uc?export=view&id=1YoJHm9k0RXU2tXk2Z_qewW8h4shyx9uF,https://drive.google.com/uc?export=download&id=1YoJHm9k0RXU2tXk2Z_qewW8h4shyx9uF
1YyyEvOqWxTeKdDLxLNizfdtndKOFCQwA,https://drive.google.com/uc?export=view&id=1YyyEvOqWxTeKdDLxLNizfdtndKOFCQwA,https://drive.google.com/uc?export=download&id=1YyyEvOqWxTeKdDLxLNizfdtndKOFCQwA
1ZDq3Z046VTZ1L0BKIy62M58JTj0i6syY,https://drive.google.com/uc?export=view&id=1ZDq3Z046VTZ1L0BKIy62M58JTj0i6syY,https://drive.google.com/uc?export=download&id=1ZDq3Z046VTZ1L0BKIy62M58JTj0i6syY
1ZHZhPqCoKLhHVvqEBON8GXqbNSWMDiTE,https://drive.google.com/uc?export=view&id=1ZHZhPqCoKLhHVvqEBON8GXqbNSWMDiTE,https://drive.google.com/uc?export=download&id=1ZHZhPqCoKLhHVvqEBON8GXqbNSWMDiTE
1ZK_4IYGrQsQ3iOHn81NAdLxSzm5ZNbUK,https://drive.google.com/uc?export=view&id=1ZK_4IYGrQsQ3iOHn81NAdLxSzm5ZNbUK,https://drive.google.com/uc?export=download&id=1ZK_4IYGrQsQ3iOHn81NAdLxSzm5ZNbUK
1Zc1FGpSgWxZ-5ET4fXff4EKXHlMBGxFi,https://drive.google.com/uc?export=view&id=1Zc1FGpSgWxZ-5ET4fXff4EKXHlMBGxFi,https://drive.google.com/uc?export=download&id=1Zc1FGpSgWxZ-5ET4fXff4EKXHlMBGxFi
1_-p70pCQ_6yXV1O22Xc5Z45KElEy5NnJ,https://drive.google.com/uc?export=view&id=1_-p70pCQ_6yXV1O22Xc5Z45KElEy5NnJ,https://drive.google.com/uc?export=download&id=1_-p70pCQ_6yXV1O22Xc5Z45KElEy5NnJ
1_HBBdhrHSvpXJVp1bvjj4r3ULXXlsHZ1,https://drive.google.com/uc?export=view&id=1_HBBdhrHSvpXJVp1bvjj4r3ULXXlsHZ1,https://drive.google.com/uc?export=download&id=1_HBBdhrHSvpXJVp1bvjj4r3ULXXlsHZ1
1_Qfja0Ul38pwXc_7N_hUgb4zqhL7RSFh,https://drive.google.com/uc?export=view&id=1_Qfja0Ul38pwXc_7N_hUgb4zqhL7RSFh,https://drive.google.com/uc?export=download&id=1_Qfja0Ul38pwXc_7N_hUgb4zqhL7RSFh
1_YFKhTPfPWFxwFWS0VZcTgscgbdgwG57,https://drive.google.com/uc?export=view&id=1_YFKhTPfPWFxwFWS0VZcTgscgbdgwG57,https://drive.google.com/uc?export=download&id=1_YFKhTPfPWFxwFWS0VZcTgscgbdgwG57
1_bwHMuuSykl87aedD_j05h1gjEOCgwps,https://drive.google.com/uc?export=view&id=1_bwHMuuSykl87aedD_j05h1gjEOCgwps,https://drive.google.com/uc?export=download&id=1_bwHMuuSykl87aedD_j05h1gjEOCgwps
1_ePrUZ3JP3Mkum-mjeVRyHJUjA4v8GQs,https://drive.google.com/uc?export=view&id=1_ePrUZ3JP3Mkum-mjeVRyHJUjA4v8GQs,https://drive.google.com/uc?export=download&id=1_ePrUZ3JP3Mkum-mjeVRyHJUjA4v8GQs
1_t34xmUhdlJfSfc0ZAJcWJQnOEf6uvL4,https://drive.google.com/uc?export=view&id=1_t34xmUhdlJfSfc0ZAJcWJQnOEf6uvL4,https://drive.google.com/uc?export=download&id=1_t34xmUhdlJfSfc0ZAJcWJQnOEf6uvL4
1a-Rg94o83Qpdo3dbzE_SGvq_pexrF_KE,https://drive.google.com/uc?export=view&id=1a-Rg94o83Qpdo3dbzE_SGvq_pexrF_KE,https://drive.google.com/uc?export=download&id=1a-Rg94o83Qpdo3dbzE_SGvq_pexrF_KE
1a029lP9x9SHh8RHsJfENSZwzrUzuMlO8,https://drive.google.com/uc?export=view&id=1a029lP9x9SHh8RHsJfENSZwzrUzuMlO8,https://drive.google.com/uc?export=download&id=1a029lP9x9SHh8RHsJfENSZwzrUzuMlO8
1a3CseEKOR3sEYII1g4v6X531hChE-fFc,https://drive.google.com/uc?export=view&id=1a3CseEKOR3sEYII1g4v6X531hChE-fFc,https://drive.google.com/uc?export=download&id=1a3CseEKOR3sEYII1g4v6X531hChE-fFc
1a_bATpGSg3qij_7sPH69FbdNODoQQpL9,https://drive.google.com/uc?export=view&id=1a_bATpGSg3qij_7sPH69FbdNODoQQpL9,https://drive.google.com/uc?export=download&id=1a_bATpGSg3qij_7sPH69FbdNODoQQpL9
1admTnWuYz3EeAwFTSjTrB6LfJ4ULPbbA,https://drive.google.com/uc?export=view&id=1admTnWuYz3EeAwFTSjTrB6LfJ4ULPbbA,https://drive.google.com/uc?export=download&id=1admTnWuYz3EeAwFTSjTrB6LfJ4ULPbbA
1ahaGBoGoxhp_LPJ3qrhr-J49t2_iTcLF,https://drive.google.com/uc?export=view&id=1ahaGBoGoxhp_LPJ3qrhr-J49t2_iTcLF,https://drive.google.com/uc?export=download&id=1ahaGBoGoxhp_LPJ3qrhr-J49t2_iTcLF
1as4AdHcPQ9USrKMI4YMsFav2vWPscp7m,https://drive.google.com/uc?export=view&id=1as4AdHcPQ9USrKMI4YMsFav2vWPscp7m,https://drive.google.com/uc?export=download&id=1as4AdHcPQ9USrKMI4YMsFav2vWPscp7m
1asKdSp2_J1GIfmLMpfv96wOIQcVgfvpH,https://drive.google.com/uc?export=view&id=1asKdSp2_J1GIfmLMpfv96wOIQcVgfvpH,https://drive.google.com/uc?export=download&id=1asKdSp2_J1GIfmLMpfv96wOIQcVgfvpH
1b71I1nGi-AGrUHnZ8yz30HBIj0wwrxhx,https://drive.google.com/uc?export=view&id=1b71I1nGi-AGrUHnZ8yz30HBIj0wwrxhx,https://drive.google.com/uc?export=download&id=1b71I1nGi-AGrUHnZ8yz30HBIj0wwrxhx
1bDBUgXO4rz8ApIThLlSisv4drs_Vy7AC,https://drive.google.com/uc?export=view&id=1bDBUgXO4rz8ApIThLlSisv4drs_Vy7AC,https://drive.google.com/uc?export=download&id=1bDBUgXO4rz8ApIThLlSisv4drs_Vy7AC
1bHNnvnURsG8kmQhBPQ6sUGJUdYR7J74P,https://drive.google.com/uc?export=view&id=1bHNnvnURsG8kmQhBPQ6sUGJUdYR7J74P,https://drive.google.com/uc?export=download&id=1bHNnvnURsG8kmQhBPQ6sUGJUdYR7J74P
1bRTrEhBIANrVj8Jfz22fJFSOoYYdT2Ga,https://drive.google.com/uc?export=view&id=1bRTrEhBIANrVj8Jfz22fJFSOoYYdT2Ga,https://drive.google.com/uc?export=download&id=1bRTrEhBIANrVj8Jfz22fJFSOoYYdT2Ga
1bWQpfMoWhKqn93MYiLbHyXbT2P_zUBoz,https://drive.google.com/uc?export=view&id=1bWQpfMoWhKqn93MYiLbHyXbT2P_zUBoz,https://drive.google.com/uc?export=download&id=1bWQpfMoWhKqn93MYiLbHyXbT2P_zUBoz
1bf0eKAERI7wyxPxby1hCYzsi7c2_pqR9,https://drive.google.com/uc?export=view&id=1bf0eKAERI7wyxPxby1hCYzsi7c2_pqR9,https://drive.google.com/uc?export=download&id=1bf0eKAERI7wyxPxby1hCYzsi7c2_pqR9
1bykDJD0HYigqx0TwpkcApNGRWwWMhaHA,https://drive.google.com/uc?export=view&id=1bykDJD0HYigqx0TwpkcApNGRWwWMhaHA,https://drive.google.com/uc?export=download&id=1bykDJD0HYigqx0TwpkcApNGRWwWMhaHA
1byoczSSy3m9RKpdvuqfr8y69L-0CxmKN,https://drive.google.com/uc?export=view&id=1byoczSSy3m9RKpdvuqfr8y69L-0CxmKN,https://drive.google.com/uc?export=download&id=1byoczSSy3m9RKpdvuqfr8y69L-0CxmKN
1c431lBXwLW5bz2XcQMIuKD5u2fLcAzrG,https://drive.google.com/uc?export=view&id=1c431lBXwLW5bz2XcQMIuKD5u2fLcAzrG,https://drive.google.com/uc?export=download&id=1c431lBXwLW5bz2XcQMIuKD5u2fLcAzrG
1cDyFCVMiSMaw9ErRYsI-R6xBIk16MHaK,https://drive.google.com/uc?export=view&id=1cDyFCVMiSMaw9ErRYsI-R6xBIk16MHaK,https://drive.google.com/uc?export=download&id=1cDyFCVMiSMaw9ErRYsI-R6xBIk16MHaK
1cFqAU3iL6yDmSbNmk10Bf6GNNtLLki2o,https://drive.google.com/uc?export=view&id=1cFqAU3iL6yDmSbNmk10Bf6GNNtLLki2o,https://drive.google.com/uc?export=download&id=1cFqAU3iL6yDmSbNmk10Bf6GNNtLLki2o
1cWloMV7zvlkkx1nydShyo23K6zJWdfbh,https://drive.google.com/uc?export=view&id=1cWloMV7zvlkkx1nydShyo23K6zJWdfbh,https://drive.google.com/uc?export=download&id=1cWloMV7zvlkkx1nydShyo23K6zJWdfbh
1cfMnBj6I0KF4YBjgLtlmhTpVPxwyVb8c,https://drive.google.com/uc?export=view&id=1cfMnBj6I0KF4YBjgLtlmhTpVPxwyVb8c,https://drive.google.com/uc?export=download&id=1cfMnBj6I0KF4YBjgLtlmhTpVPxwyVb8c
1cpfbrj5FFxNfYfbKm_7CJCx1QhB06Urx,https://drive.google.com/uc?export=view&id=1cpfbrj5FFxNfYfbKm_7CJCx1QhB06Urx,https://drive.google.com/uc?export=download&id=1cpfbrj5FFxNfYfbKm_7CJCx1QhB06Urx
1cqsCCy8Bfm-L6psWRoj74r3BcxbRB1CG,https://drive.google.com/uc?export=view&id=1cqsCCy8Bfm-L6psWRoj74r3BcxbRB1CG,https://drive.google.com/uc?export=download&id=1cqsCCy8Bfm-L6psWRoj74r3BcxbRB1CG
1d5CboGDlVwjMF3tqK-d5leLgytmi12h1,https://drive.google.com/uc?export=view&id=1d5CboGDlVwjMF3tqK-d5leLgytmi12h1,https://drive.google.com/uc?export=download&id=1d5CboGDlVwjMF3tqK-d5leLgytmi12h1
1dNEoETzBpwg-7YUTj_8xSDr2ueJZ8J5J,https://drive.google.com/uc?export=view&id=1dNEoETzBpwg-7YUTj_8xSDr2ueJZ8J5J,https://drive.google.com/uc?export=download&id=1dNEoETzBpwg-7YUTj_8xSDr2ueJZ8J5J
1e3FHhWE8noV5eO3pUoi0ScVTzD-ydJVw,https://drive.google.com/uc?export=view&id=1e3FHhWE8noV5eO3pUoi0ScVTzD-ydJVw,https://drive.google.com/uc?export=download&id=1e3FHhWE8noV5eO3pUoi0ScVTzD-ydJVw
1eA6qr1PxvlNbs62yXXmK9egiVfrxZAGg,https://drive.google.com/uc?export=view&id=1eA6qr1PxvlNbs62yXXmK9egiVfrxZAGg,https://drive.google.com/uc?export=download&id=1eA6qr1PxvlNbs62yXXmK9egiVfrxZAGg
1eF3Tj77F_IZD8VjH_2WSwzUho8SC6C45,https://drive.google.com/uc?export=view&id=1eF3Tj77F_IZD8VjH_2WSwzUho8SC6C45,https://drive.google.com/uc?export=download&id=1eF3Tj77F_IZD8VjH_2WSwzUho8SC6C45
1eNnwMaP6opTl8fvqyvfxZne-me6_sezu,https://drive.google.com/uc?export=view&id=1eNnwMaP6opTl8fvqyvfxZne-me6_sezu,https://drive.google.com/uc?export=download&id=1eNnwMaP6opTl8fvqyvfxZne-me6_sezu
1eaA_T26dw8oFTBfgKC1hCYlcTFbCoxW6,https://drive.google.com/uc?export=view&id=1eaA_T26dw8oFTBfgKC1hCYlcTFbCoxW6,https://drive.google.com/uc?export=download&id=1eaA_T26dw8oFTBfgKC1hCYlcTFbCoxW6
1eiGLOZMSIAHbQPzR_SnQzSk-UsyuLKVt,https://drive.google.com/uc?export=view&id=1eiGLOZMSIAHbQPzR_SnQzSk-UsyuLKVt,https://drive.google.com/uc?export=download&id=1eiGLOZMSIAHbQPzR_SnQzSk-UsyuLKVt
1elyX6rBSCBSzcIhU9q9hGoewpwPWNXcL,https://drive.google.com/uc?export=view&id=1elyX6rBSCBSzcIhU9q9hGoewpwPWNXcL,https://drive.google.com/uc?export=download&id=1elyX6rBSCBSzcIhU9q9hGoewpwPWNXcL
1f7lsh7-26OUGtlu7CQ6faeHKBd2J2gN6,https://drive.google.com/uc?export=view&id=1f7lsh7-26OUGtlu7CQ6faeHKBd2J2gN6,https://drive.google.com/uc?export=download&id=1f7lsh7-26OUGtlu7CQ6faeHKBd2J2gN6
1f9Ryt3YtmhRN7m_gWKOytMQSsGi9_Jqx,https://drive.google.com/uc?export=view&id=1f9Ryt3YtmhRN7m_gWKOytMQSsGi9_Jqx,https://drive.google.com/uc?export=download&id=1f9Ryt3YtmhRN7m_gWKOytMQSsGi9_Jqx
1fLyRHYF_24xCUSLJ9YqkotQT-EijC1st,https://drive.google.com/uc?export=view&id=1fLyRHYF_24xCUSLJ9YqkotQT-EijC1st,https://drive.google.com/uc?export=download&id=1fLyRHYF_24xCUSLJ9YqkotQT-EijC1st
1fO32WAMO6EmGLWos-FbSZZmJeeYc_cjV,https://drive.google.com/uc?export=view&id=1fO32WAMO6EmGLWos-FbSZZmJeeYc_cjV,https://drive.google.com/uc?export=download&id=1fO32WAMO6EmGLWos-FbSZZmJeeYc_cjV
1fYjygS5EslXNx6WqtXBTO0N5DBTAkQl9,https://drive.google.com/uc?export=view&id=1fYjygS5EslXNx6WqtXBTO0N5DBTAkQl9,https://drive.google.com/uc?export=download&id=1fYjygS5EslXNx6WqtXBTO0N5DBTAkQl9
1fhaVRc9jiY-tVWxSrxIOFsf2kHFpezmq,https://drive.google.com/uc?export=view&id=1fhaVRc9jiY-tVWxSrxIOFsf2kHFpezmq,https://drive.google.com/uc?export=download&id=1fhaVRc9jiY-tVWxSrxIOFsf2kHFpezmq
1fiRaSUZdY9T2MfWvhbdzkL8l5DCD1lfM,https://drive.google.com/uc?export=view&id=1fiRaSUZdY9T2MfWvhbdzkL8l5DCD1lfM,https://drive.google.com/uc?export=download&id=1fiRaSUZdY9T2MfWvhbdzkL8l5DCD1lfM
1fmyVybUHxjQqYcwfJ9sq1mKWFy373R6U,https://drive.google.com/uc?export=view&id=1fmyVybUHxjQqYcwfJ9sq1mKWFy373R6U,https://drive.google.com/uc?export=download&id=1fmyVybUHxjQqYcwfJ9sq1mKWFy373R6U
1g0KCiu0ZmBAPF3-Lz2J4j6Hi2XmCFouU,https://drive.google.com/uc?export=view&id=1g0KCiu0ZmBAPF3-Lz2J4j6Hi2XmCFouU,https://drive.google.com/uc?export=download&id=1g0KCiu0ZmBAPF3-Lz2J4j6Hi2XmCFouU
1g4w75ilOkfq_h--CeRt3M13GvMZTkojq,https://drive.google.com/uc?export=view&id=1g4w75ilOkfq_h--CeRt3M13GvMZTkojq,https://drive.google.com/uc?export=download&id=1g4w75ilOkfq_h--CeRt3M13GvMZTkojq
1gRmsG7co_YPaNLEm-rOA3kICp1PS3ANZ,https://drive.google.com/uc?export=view&id=1gRmsG7co_YPaNLEm-rOA3kICp1PS3ANZ,https://drive.google.com/uc?export=download&id=1gRmsG7co_YPaNLEm-rOA3kICp1PS3ANZ
1gjYSP-TRodvvCgnvYAqD5bkr5ai3grAD,https://drive.google.com/uc?export=view&id=1gjYSP-TRodvvCgnvYAqD5bkr5ai3grAD,https://drive.google.com/uc?export=download&id=1gjYSP-TRodvvCgnvYAqD5bkr5ai3grAD
1glIF2D3eJ1PR12IoJtGkX7P1ogqfuMS0,https://drive.google.com/uc?export=view&id=1glIF2D3eJ1PR12IoJtGkX7P1ogqfuMS0,https://drive.google.com/uc?export=download&id=1glIF2D3eJ1PR12IoJtGkX7P1ogqfuMS0
1gw_S2LH238JDaYk3xMebI7YOXsLWXepN,https://drive.google.com/uc?export=view&id=1gw_S2LH238JDaYk3xMebI7YOXsLWXepN,https://drive.google.com/uc?export=download&id=1gw_S2LH238JDaYk3xMebI7YOXsLWXepN
1gwhOFvfVX3YgxSkWpZ-5VFbsf_eZqfdQ,https://drive.google.com/uc?export=view&id=1gwhOFvfVX3YgxSkWpZ-5VFbsf_eZqfdQ,https://drive.google.com/uc?export=download&id=1gwhOFvfVX3YgxSkWpZ-5VFbsf_eZqfdQ
1gy014fE-xoiCycUUpRMvBWruKSjSV4Tt,https://drive.google.com/uc?export=view&id=1gy014fE-xoiCycUUpRMvBWruKSjSV4Tt,https://drive.google.com/uc?export=download&id=1gy014fE-xoiCycUUpRMvBWruKSjSV4Tt
1h4C4UwWTytLuzXKrBKFALHuZNlkNB2P-,https://drive.google.com/uc?export=view&id=1h4C4UwWTytLuzXKrBKFALHuZNlkNB2P-,https://drive.google.com/uc?export=download&id=1h4C4UwWTytLuzXKrBKFALHuZNlkNB2P-
1h8J1bVgjvSCzLykpdILqli2HKnYgJuZo,https://drive.google.com/uc?export=view&id=1h8J1bVgjvSCzLykpdILqli2HKnYgJuZo,https://drive.google.com/uc?export=download&id=1h8J1bVgjvSCzLykpdILqli2HKnYgJuZo
1hArs3YW1eRKxP_WAVMb6LYNrMsAuG1oG,https://drive.google.com/uc?export=view&id=1hArs3YW1eRKxP_WAVMb6LYNrMsAuG1oG,https://drive.google.com/uc?export=download&id=1hArs3YW1eRKxP_WAVMb6LYNrMsAuG1oG
1hNp0t1prHR1j2wFGhSSrTaiWwqWlDUcP,https://drive.google.com/uc?export=view&id=1hNp0t1prHR1j2wFGhSSrTaiWwqWlDUcP,https://drive.google.com/uc?export=download&id=1hNp0t1prHR1j2wFGhSSrTaiWwqWlDUcP
1hNvL-L4plH_uF_CDZWaZU-U90ShSUCtd,https://drive.google.com/uc?export=view&id=1hNvL-L4plH_uF_CDZWaZU-U90ShSUCtd,https://drive.google.com/uc?export=download&id=1hNvL-L4plH_uF_CDZWaZU-U90ShSUCtd
1hUGVnaqs5gwLgiEZrV4yjscxfrLafekm,https://drive.google.com/uc?export=view&id=1hUGVnaqs5gwLgiEZrV4yjscxfrLafekm,https://drive.google.com/uc?export=download&id=1hUGVnaqs5gwLgiEZrV4yjscxfrLafekm
1hm0kY1AXC8jfLUrk5w7hRLXTIWKh7-Fc,https://drive.google.com/uc?export=view&id=1hm0kY1AXC8jfLUrk5w7hRLXTIWKh7-Fc,https://drive.google.com/uc?export=download&id=1hm0kY1AXC8jfLUrk5w7hRLXTIWKh7-Fc
1hmU62tT-wU1Qn2iB_XJfbLuI5TSe8l9K,https://drive.google.com/uc?export=view&id=1hmU62tT-wU1Qn2iB_XJfbLuI5TSe8l9K,https://drive.google.com/uc?export=download&id=1hmU62tT-wU1Qn2iB_XJfbLuI5TSe8l9K
1iKB0tRl4h_WrkquLmbvn1nH28kD5uU4t,https://drive.google.com/uc?export=view&id=1iKB0tRl4h_WrkquLmbvn1nH28kD5uU4t,https://drive.google.com/uc?export=download&id=1iKB0tRl4h_WrkquLmbvn1nH28kD5uU4t
1iP_joEZuGvJWugj2Rv6NykSrI_z4fS9E,https://drive.google.com/uc?export=view&id=1iP_joEZuGvJWugj2Rv6NykSrI_z4fS9E,https://drive.google.com/uc?export=download&id=1iP_joEZuGvJWugj2Rv6NykSrI_z4fS9E
1ir4yZheHkrBy7p7IxoXTVGWPpD_JuKk3,https://drive.google.com/uc?export=view&id=1ir4yZheHkrBy7p7IxoXTVGWPpD_JuKk3,https://drive.google.com/uc?export=download&id=1ir4yZheHkrBy7p7IxoXTVGWPpD_JuKk3
1j9PsaTHfq2vmL3pFXs8OpelEfR_1d7Cx,https://drive.google.com/uc?export=view&id=1j9PsaTHfq2vmL3pFXs8OpelEfR_1d7Cx,https://drive.google.com/uc?export=download&id=1j9PsaTHfq2vmL3pFXs8OpelEfR_1d7Cx
1jM3zZHQbldh_rtTDQ8Yq-T_69jItqwIS,https://drive.google.com/uc?export=view&id=1jM3zZHQbldh_rtTDQ8Yq-T_69jItqwIS,https://drive.google.com/uc?export=download&id=1jM3zZHQbldh_rtTDQ8Yq-T_69jItqwIS
1jcPDsc2B-26oX7qUWqM7B_BBhp64DUsR,https://drive.google.com/uc?export=view&id=1jcPDsc2B-26oX7qUWqM7B_BBhp64DUsR,https://drive.google.com/uc?export=download&id=1jcPDsc2B-26oX7qUWqM7B_BBhp64DUsR
1jgI8jTlrQaBugwmLKiJv9XCKq1HgHMfD,https://drive.google.com/uc?export=view&id=1jgI8jTlrQaBugwmLKiJv9XCKq1HgHMfD,https://drive.google.com/uc?export=download&id=1jgI8jTlrQaBugwmLKiJv9XCKq1HgHMfD
1k9OdZcdcM3fS9fk1H0RyYMRqRn9ficzr,https://drive.google.com/uc?export=view&id=1k9OdZcdcM3fS9fk1H0RyYMRqRn9ficzr,https://drive.google.com/uc?export=download&id=1k9OdZcdcM3fS9fk1H0RyYMRqRn9ficzr
1kEu8O3yawgRgLmxp1YhTmlJicZTaxi3j,https://drive.google.com/uc?export=view&id=1kEu8O3yawgRgLmxp1YhTmlJicZTaxi3j,https://drive.google.com/uc?export=download&id=1kEu8O3yawgRgLmxp1YhTmlJicZTaxi3j
1kI6UYU5SdZprHQrFndJCLTvtMDYtESz3,https://drive.google.com/uc?export=view&id=1kI6UYU5SdZprHQrFndJCLTvtMDYtESz3,https://drive.google.com/uc?export=download&id=1kI6UYU5SdZprHQrFndJCLTvtMDYtESz3
1kYtNay8_-Iq2iLXD1iMqcH85DlKKLxPB,https://drive.google.com/uc?export=view&id=1kYtNay8_-Iq2iLXD1iMqcH85DlKKLxPB,https://drive.google.com/uc?export=download&id=1kYtNay8_-Iq2iLXD1iMqcH85DlKKLxPB
1kbdOTaTKTCKm2YFoY8PCck7rsUHBFH1m,https://drive.google.com/uc?export=view&id=1kbdOTaTKTCKm2YFoY8PCck7rsUHBFH1m,https://drive.google.com/uc?export=download&id=1kbdOTaTKTCKm2YFoY8PCck7rsUHBFH1m
1kuWB52oYi-2IT83o6W75gLZv15xC4QOB,https://drive.google.com/uc?export=view&id=1kuWB52oYi-2IT83o6W75gLZv15xC4QOB,https://drive.google.com/uc?export=download&id=1kuWB52oYi-2IT83o6W75gLZv15xC4QOB
1kym6jKXQwuIkahpQCZyemZ8B4ZJDP-_d,https://drive.google.com/uc?export=view&id=1kym6jKXQwuIkahpQCZyemZ8B4ZJDP-_d,https://drive.google.com/uc?export=download&id=1kym6jKXQwuIkahpQCZyemZ8B4ZJDP-_d
1l0vjLIrA30dttLuDAf-A6KiUbE_C4atI,https://drive.google.com/uc?export=view&id=1l0vjLIrA30dttLuDAf-A6KiUbE_C4atI,https://drive.google.com/uc?export=download&id=1l0vjLIrA30dttLuDAf-A6KiUbE_C4atI
1l97hB26NTwPsoLTCRSe1EqHQxrIq_-mq,https://drive.google.com/uc?export=view&id=1l97hB26NTwPsoLTCRSe1EqHQxrIq_-mq,https://drive.google.com/uc?export=download&id=1l97hB26NTwPsoLTCRSe1EqHQxrIq_-mq
1lLBl6Z2YO60mJ2aOcuEUhKbozeyWX1uj,https://drive.google.com/uc?export=view&id=1lLBl6Z2YO60mJ2aOcuEUhKbozeyWX1uj,https://drive.google.com/uc?export=download&id=1lLBl6Z2YO60mJ2aOcuEUhKbozeyWX1uj
1lLDh76VcUKsfOdqJD1K2mBu9od4dsYOz,https://drive.google.com/uc?export=view&id=1lLDh76VcUKsfOdqJD1K2mBu9od4dsYOz,https://drive.google.com/uc?export=download&id=1lLDh76VcUKsfOdqJD1K2mBu9od4dsYOz
1lMPOOz5uWwo_J336tfTnE9kdi3o8fQ8Q,https://drive.google.com/uc?export=view&id=1lMPOOz5uWwo_J336tfTnE9kdi3o8fQ8Q,https://drive.google.com/uc?export=download&id=1lMPOOz5uWwo_J336tfTnE9kdi3o8fQ8Q
1lNy1u3UQ9ECLQmUF8CaYaBZ9xvtjmCFC,https://drive.google.com/uc?export=view&id=1lNy1u3UQ9ECLQmUF8CaYaBZ9xvtjmCFC,https://drive.google.com/uc?export=download&id=1lNy1u3UQ9ECLQmUF8CaYaBZ9xvtjmCFC
1lR9jZQm6c9bmnFL-EbMy3TFDsTr36Vo_,https://drive.google.com/uc?export=view&id=1lR9jZQm6c9bmnFL-EbMy3TFDsTr36Vo_,https://drive.google.com/uc?export=download&id=1lR9jZQm6c9bmnFL-EbMy3TFDsTr36Vo_
1lU6wSeJ57mGAe59RhGJX7IJb2tAmE8gV,https://drive.google.com/uc?export=view&id=1lU6wSeJ57mGAe59RhGJX7IJb2tAmE8gV,https://drive.google.com/uc?export=download&id=1lU6wSeJ57mGAe59RhGJX7IJb2tAmE8gV
1lUHKKwr0UbGa7uSEwCOq2wrdkJFphsPw,https://drive.google.com/uc?export=view&id=1lUHKKwr0UbGa7uSEwCOq2wrdkJFphsPw,https://drive.google.com/uc?export=download&id=1lUHKKwr0UbGa7uSEwCOq2wrdkJFphsPw
1lZzDRk4Yfx0CjCUCBtpm4h8OSoQyCaOG,https://drive.google.com/uc?export=view&id=1lZzDRk4Yfx0CjCUCBtpm4h8OSoQyCaOG,https://drive.google.com/uc?export=download&id=1lZzDRk4Yfx0CjCUCBtpm4h8OSoQyCaOG
1lbGygVCm8RL7rFZOq7_t0ELAljvk5iJJ,https://drive.google.com/uc?export=view&id=1lbGygVCm8RL7rFZOq7_t0ELAljvk5iJJ,https://drive.google.com/uc?export=download&id=1lbGygVCm8RL7rFZOq7_t0ELAljvk5iJJ
1lghg0SVRg-wUSn8-f_zPthT_vn8tWsRr,https://drive.google.com/uc?export=view&id=1lghg0SVRg-wUSn8-f_zPthT_vn8tWsRr,https://drive.google.com/uc?export=download&id=1lghg0SVRg-wUSn8-f_zPthT_vn8tWsRr
1ljYlzgygC0O_dT3vSUSiXT-3Qlwp82wE,https://drive.google.com/uc?export=view&id=1ljYlzgygC0O_dT3vSUSiXT-3Qlwp82wE,https://drive.google.com/uc?export=download&id=1ljYlzgygC0O_dT3vSUSiXT-3Qlwp82wE
1lpbYNxPSOglK4rCtMigE-XEr4JYh5L5p,https://drive.google.com/uc?export=view&id=1lpbYNxPSOglK4rCtMigE-XEr4JYh5L5p,https://drive.google.com/uc?export=download&id=1lpbYNxPSOglK4rCtMigE-XEr4JYh5L5p
1mCLMFk79FCEMjiWyWqg3d8CWBMlrRRv0,https://drive.google.com/uc?export=view&id=1mCLMFk79FCEMjiWyWqg3d8CWBMlrRRv0,https://drive.google.com/uc?export=download&id=1mCLMFk79FCEMjiWyWqg3d8CWBMlrRRv0
1mEFQ1geiioQuS70p_TeXgJItHvZn0A3o,https://drive.google.com/uc?export=view&id=1mEFQ1geiioQuS70p_TeXgJItHvZn0A3o,https://drive.google.com/uc?export=download&id=1mEFQ1geiioQuS70p_TeXgJItHvZn0A3o
1mLZXlHnS341ISTqsWb3xVIDHhdeKoyQw,https://drive.google.com/uc?export=view&id=1mLZXlHnS341ISTqsWb3xVIDHhdeKoyQw,https://drive.google.com/uc?export=download&id=1mLZXlHnS341ISTqsWb3xVIDHhdeKoyQw
1mYYqzZ_BQ96a_avvAwAyrXQTs7S5jSCB,https://drive.google.com/uc?export=view&id=1mYYqzZ_BQ96a_avvAwAyrXQTs7S5jSCB,https://drive.google.com/uc?export=download&id=1mYYqzZ_BQ96a_avvAwAyrXQTs7S5jSCB
1mZTiwlZiuEVHo1DCkqWAz0NeDoVndGJM,https://drive.google.com/uc?export=view&id=1mZTiwlZiuEVHo1DCkqWAz0NeDoVndGJM,https://drive.google.com/uc?export=download&id=1mZTiwlZiuEVHo1DCkqWAz0NeDoVndGJM
1m_EpkZVgacsBi3lUgfNjOC0eIGH08rgw,https://drive.google.com/uc?export=view&id=1m_EpkZVgacsBi3lUgfNjOC0eIGH08rgw,https://drive.google.com/uc?export=download&id=1m_EpkZVgacsBi3lUgfNjOC0eIGH08rgw
1me_29uLlgzN5GVv6C_bRqKQHbOZYThw-,https://drive.google.com/uc?export=view&id=1me_29uLlgzN5GVv6C_bRqKQHbOZYThw-,https://drive.google.com/uc?export=download&id=1me_29uLlgzN5GVv6C_bRqKQHbOZYThw-
1mqG-EE6fWOQY01Wl8GZ0bDca12vpvlWs,https://drive.google.com/uc?export=view&id=1mqG-EE6fWOQY01Wl8GZ0bDca12vpvlWs,https://drive.google.com/uc?export=download&id=1mqG-EE6fWOQY01Wl8GZ0bDca12vpvlWs
1o1uN5l1ZaJeDls_x2nUqkPLNoJQDQEjq,https://drive.google.com/uc?export=view&id=1o1uN5l1ZaJeDls_x2nUqkPLNoJQDQEjq,https://drive.google.com/uc?export=download&id=1o1uN5l1ZaJeDls_x2nUqkPLNoJQDQEjq
1o4NXxTC2GubPWEBfh9IUon7ZhH4v61y_,https://drive.google.com/uc?export=view&id=1o4NXxTC2GubPWEBfh9IUon7ZhH4v61y_,https://drive.google.com/uc?export=download&id=1o4NXxTC2GubPWEBfh9IUon7ZhH4v61y_
1oNI5_uzQyHZB2jfhWO7R7SsnANb-krw-,https://drive.google.com/uc?export=view&id=1oNI5_uzQyHZB2jfhWO7R7SsnANb-krw-,https://drive.google.com/uc?export=download&id=1oNI5_uzQyHZB2jfhWO7R7SsnANb-krw-
1ouoBGEsXlZ09c8fvx6p2Su0mxAb_MNih,https://drive.google.com/uc?export=view&id=1ouoBGEsXlZ09c8fvx6p2Su0mxAb_MNih,https://drive.google.com/uc?export=download&id=1ouoBGEsXlZ09c8fvx6p2Su0mxAb_MNih
1p9AKynnGtK1lmNkLAZxlbBQ8nam8GP8f,https://drive.google.com/uc?export=view&id=1p9AKynnGtK1lmNkLAZxlbBQ8nam8GP8f,https://drive.google.com/uc?export=download&id=1p9AKynnGtK1lmNkLAZxlbBQ8nam8GP8f
1pGbP_7iD5Z8A9eQSHfdfVVJ16bzTSXap,https://drive.google.com/uc?export=view&id=1pGbP_7iD5Z8A9eQSHfdfVVJ16bzTSXap,https://drive.google.com/uc?export=download&id=1pGbP_7iD5Z8A9eQSHfdfVVJ16bzTSXap
1pNxl1sm2FmUcrUOwTJjYH5gimMMWfmRg,https://drive.google.com/uc?export=view&id=1pNxl1sm2FmUcrUOwTJjYH5gimMMWfmRg,https://drive.google.com/uc?export=download&id=1pNxl1sm2FmUcrUOwTJjYH5gimMMWfmRg
1pOoSc5pSEWosyd3hmtvfgf-94wFc7lcV,https://drive.google.com/uc?export=view&id=1pOoSc5pSEWosyd3hmtvfgf-94wFc7lcV,https://drive.google.com/uc?export=download&id=1pOoSc5pSEWosyd3hmtvfgf-94wFc7lcV
1pQlO2_tWkGlCW1fxDZz1VbDySHYDx7hZ,https://drive.google.com/uc?export=view&id=1pQlO2_tWkGlCW1fxDZz1VbDySHYDx7hZ,https://drive.google.com/uc?export=download&id=1pQlO2_tWkGlCW1fxDZz1VbDySHYDx7hZ
1paUaGmO-DJbn-WRE207W58gpyje9Lg6O,https://drive.google.com/uc?export=view&id=1paUaGmO-DJbn-WRE207W58gpyje9Lg6O,https://drive.google.com/uc?export=download&id=1paUaGmO-DJbn-WRE207W58gpyje9Lg6O
1pesLfoOoI69YtY4bOZVGit54y2hwmB9I,https://drive.google.com/uc?export=view&id=1pesLfoOoI69YtY4bOZVGit54y2hwmB9I,https://drive.google.com/uc?export=download&id=1pesLfoOoI69YtY4bOZVGit54y2hwmB9I
1pm4gLEV4Wc3xg_x7nic4qIlhImhE2Tdp,https://drive.google.com/uc?export=view&id=1pm4gLEV4Wc3xg_x7nic4qIlhImhE2Tdp,https://drive.google.com/uc?export=download&id=1pm4gLEV4Wc3xg_x7nic4qIlhImhE2Tdp
1pzcNgZ9DYI4RdWqEWMBtG3qq5v0I4QK8,https://drive.google.com/uc?export=view&id=1pzcNgZ9DYI4RdWqEWMBtG3qq5v0I4QK8,https://drive.google.com/uc?export=download&id=1pzcNgZ9DYI4RdWqEWMBtG3qq5v0I4QK8
1q6Q_7EorXt4XLD8wairfh5Miok3HQo-R,https://drive.google.com/uc?export=view&id=1q6Q_7EorXt4XLD8wairfh5Miok3HQo-R,https://drive.google.com/uc?export=download&id=1q6Q_7EorXt4XLD8wairfh5Miok3HQo-R
1q8dZLI7lusTwqrrESeWd9_i2FqIEA7N4,https://drive.google.com/uc?export=view&id=1q8dZLI7lusTwqrrESeWd9_i2FqIEA7N4,https://drive.google.com/uc?export=download&id=1q8dZLI7lusTwqrrESeWd9_i2FqIEA7N4
1qDxZywd45ROAUdvFlVyGhthzeC66yuSk,https://drive.google.com/uc?export=view&id=1qDxZywd45ROAUdvFlVyGhthzeC66yuSk,https://drive.google.com/uc?export=download&id=1qDxZywd45ROAUdvFlVyGhthzeC66yuSk
1qif1l79oxK4icEfwGRufe7WH6sRT-1oi,https://drive.google.com/uc?export=view&id=1qif1l79oxK4icEfwGRufe7WH6sRT-1oi,https://drive.google.com/uc?export=download&id=1qif1l79oxK4icEfwGRufe7WH6sRT-1oi
1rLBKc80uXLjva6dD68U9o2ktNPGo4yQa,https://drive.google.com/uc?export=view&id=1rLBKc80uXLjva6dD68U9o2ktNPGo4yQa,https://drive.google.com/uc?export=download&id=1rLBKc80uXLjva6dD68U9o2ktNPGo4yQa
1rQkt6t-vr0b_ngbUQ1qQcUx6VDk_ZPe3,https://drive.google.com/uc?export=view&id=1rQkt6t-vr0b_ngbUQ1qQcUx6VDk_ZPe3,https://drive.google.com/uc?export=download&id=1rQkt6t-vr0b_ngbUQ1qQcUx6VDk_ZPe3
1rTPWDAmPboXXP4hq9Br76mtHBblF2QJb,https://drive.google.com/uc?export=view&id=1rTPWDAmPboXXP4hq9Br76mtHBblF2QJb,https://drive.google.com/uc?export=download&id=1rTPWDAmPboXXP4hq9Br76mtHBblF2QJb
1rcD-tQTkD0Y0D82UJSH9UQoBVkw8EtKP,https://drive.google.com/uc?export=view&id=1rcD-tQTkD0Y0D82UJSH9UQoBVkw8EtKP,https://drive.google.com/uc?export=download&id=1rcD-tQTkD0Y0D82UJSH9UQoBVkw8EtKP
1rf-VmJNXSmeLORUfaapBfcXZOW-A521b,https://drive.google.com/uc?export=view&id=1rf-VmJNXSmeLORUfaapBfcXZOW-A521b,https://drive.google.com/uc?export=download&id=1rf-VmJNXSmeLORUfaapBfcXZOW-A521b
1rnEjuFJ8nQ9_1v1UFgcczMo8kK8yc5Eh,https://drive.google.com/uc?export=view&id=1rnEjuFJ8nQ9_1v1UFgcczMo8kK8yc5Eh,https://drive.google.com/uc?export=download&id=1rnEjuFJ8nQ9_1v1UFgcczMo8kK8yc5Eh
1s4YHxupIEeoq5GnoydKjpyrqsTXA9FZW,https://drive.google.com/uc?export=view&id=1s4YHxupIEeoq5GnoydKjpyrqsTXA9FZW,https://drive.google.com/uc?export=download&id=1s4YHxupIEeoq5GnoydKjpyrqsTXA9FZW
1sGF15FAQB3KMWMj_wxciUHEpyD6AIhZC,https://drive.google.com/uc?export=view&id=1sGF15FAQB3KMWMj_wxciUHEpyD6AIhZC,https://drive.google.com/uc?export=download&id=1sGF15FAQB3KMWMj_wxciUHEpyD6AIhZC
1sPRlcLv_E7Jm6aX3n3mPvl_GL-wiuybJ,https://drive.google.com/uc?export=view&id=1sPRlcLv_E7Jm6aX3n3mPvl_GL-wiuybJ,https://drive.google.com/uc?export=download&id=1sPRlcLv_E7Jm6aX3n3mPvl_GL-wiuybJ
1sRRxcO4umAtm8L-wHgzCgko2UAuYXDez,https://drive.google.com/uc?export=view&id=1sRRxcO4umAtm8L-wHgzCgko2UAuYXDez,https://drive.google.com/uc?export=download&id=1sRRxcO4umAtm8L-wHgzCgko2UAuYXDez
1sYc1o7rAu21pxuNcdGSMoqe8Me-Q7-bI,https://drive.google.com/uc?export=view&id=1sYc1o7rAu21pxuNcdGSMoqe8Me-Q7-bI,https://drive.google.com/uc?export=download&id=1sYc1o7rAu21pxuNcdGSMoqe8Me-Q7-bI
1sl8LkbfKmOcKt4Bo6alklpcSyfBa2Lxl,https://drive.google.com/uc?export=view&id=1sl8LkbfKmOcKt4Bo6alklpcSyfBa2Lxl,https://drive.google.com/uc?export=download&id=1sl8LkbfKmOcKt4Bo6alklpcSyfBa2Lxl
1t09XucJOfC40NqmTYwPjQrdn6BPgt2O6,https://drive.google.com/uc?export=view&id=1t09XucJOfC40NqmTYwPjQrdn6BPgt2O6,https://drive.google.com/uc?export=download&id=1t09XucJOfC40NqmTYwPjQrdn6BPgt2O6
1tHeHuS_qwjbgqZl9Hp6FaF2_EP9vgOhv,https://drive.google.com/uc?export=view&id=1tHeHuS_qwjbgqZl9Hp6FaF2_EP9vgOhv,https://drive.google.com/uc?export=download&id=1tHeHuS_qwjbgqZl9Hp6FaF2_EP9vgOhv
1tM82IwGkdLwALLVvYxYwL68Yr7IuDQ2P,https://drive.google.com/uc?export=view&id=1tM82IwGkdLwALLVvYxYwL68Yr7IuDQ2P,https://drive.google.com/uc?export=download&id=1tM82IwGkdLwALLVvYxYwL68Yr7IuDQ2P
1tMVa8D-9GCUJu3OGnGOBBkM446jGfcCf,https://drive.google.com/uc?export=view&id=1tMVa8D-9GCUJu3OGnGOBBkM446jGfcCf,https://drive.google.com/uc?export=download&id=1tMVa8D-9GCUJu3OGnGOBBkM446jGfcCf
1tVGVTNTl_mRJflQfMTS39QSQYFYmPGx9,https://drive.google.com/uc?export=view&id=1tVGVTNTl_mRJflQfMTS39QSQYFYmPGx9,https://drive.google.com/uc?export=download&id=1tVGVTNTl_mRJflQfMTS39QSQYFYmPGx9
1u1arKSQxuG3BiLmMY9A5q9LU3DpRxdqk,https://drive.google.com/uc?export=view&id=1u1arKSQxuG3BiLmMY9A5q9LU3DpRxdqk,https://drive.google.com/uc?export=download&id=1u1arKSQxuG3BiLmMY9A5q9LU3DpRxdqk
1u2Ck02vCMyXC9Yb15N5s_OG4VDctiuHV,https://drive.google.com/uc?export=view&id=1u2Ck02vCMyXC9Yb15N5s_OG4VDctiuHV,https://drive.google.com/uc?export=download&id=1u2Ck02vCMyXC9Yb15N5s_OG4VDctiuHV
1u7VcUk6lUBTpAhhzI7uo3DV_UhPhJ3hv,https://drive.google.com/uc?export=view&id=1u7VcUk6lUBTpAhhzI7uo3DV_UhPhJ3hv,https://drive.google.com/uc?export=download&id=1u7VcUk6lUBTpAhhzI7uo3DV_UhPhJ3hv
1uEzApENntppJHZzF-I2arn4CoRhjUYnZ,https://drive.google.com/uc?export=view&id=1uEzApENntppJHZzF-I2arn4CoRhjUYnZ,https://drive.google.com/uc?export=download&id=1uEzApENntppJHZzF-I2arn4CoRhjUYnZ
1uSb8IYtj5IGdXUn-SpdJWeilkuA8clWV,https://drive.google.com/uc?export=view&id=1uSb8IYtj5IGdXUn-SpdJWeilkuA8clWV,https://drive.google.com/uc?export=download&id=1uSb8IYtj5IGdXUn-SpdJWeilkuA8clWV
1uvcBp4qEicIF7S3F5ovMMju3VP3WurFJ,https://drive.google.com/uc?export=view&id=1uvcBp4qEicIF7S3F5ovMMju3VP3WurFJ,https://drive.google.com/uc?export=download&id=1uvcBp4qEicIF7S3F5ovMMju3VP3WurFJ
1vF3Rb8PUE5UHAwhTZcjNGbrBcEjzbaOx,https://drive.google.com/uc?export=view&id=1vF3Rb8PUE5UHAwhTZcjNGbrBcEjzbaOx,https://drive.google.com/uc?export=download&id=1vF3Rb8PUE5UHAwhTZcjNGbrBcEjzbaOx
1vHrm9JkRvGbHMwrwMPmnZC_dZLk_CZ-x,https://drive.google.com/uc?export=view&id=1vHrm9JkRvGbHMwrwMPmnZC_dZLk_CZ-x,https://drive.google.com/uc?export=download&id=1vHrm9JkRvGbHMwrwMPmnZC_dZLk_CZ-x
1vNcyF3yFuL_Cj4Gy0RGwTGWL5mVGMmZr,https://drive.google.com/uc?export=view&id=1vNcyF3yFuL_Cj4Gy0RGwTGWL5mVGMmZr,https://drive.google.com/uc?export=download&id=1vNcyF3yFuL_Cj4Gy0RGwTGWL5mVGMmZr
1vOSgA3Zh2RVLdEbvXiCrqO-u0pZvaHd1,https://drive.google.com/uc?export=view&id=1vOSgA3Zh2RVLdEbvXiCrqO-u0pZvaHd1,https://drive.google.com/uc?export=download&id=1vOSgA3Zh2RVLdEbvXiCrqO-u0pZvaHd1
1vQ7A9z_Of3MMBRznEVhEbigLkGZpRoO9,https://drive.google.com/uc?export=view&id=1vQ7A9z_Of3MMBRznEVhEbigLkGZpRoO9,https://drive.google.com/uc?export=download&id=1vQ7A9z_Of3MMBRznEVhEbigLkGZpRoO9
1vW7HBd8YKJvsOs0Jkvvgezb88XF_7-QB,https://drive.google.com/uc?export=view&id=1vW7HBd8YKJvsOs0Jkvvgezb88XF_7-QB,https://drive.google.com/uc?export=download&id=1vW7HBd8YKJvsOs0Jkvvgezb88XF_7-QB
1v_brA2juEoZNszJjUQlAl5D4wwqyae_g,https://drive.google.com/uc?export=view&id=1v_brA2juEoZNszJjUQlAl5D4wwqyae_g,https://drive.google.com/uc?export=download&id=1v_brA2juEoZNszJjUQlAl5D4wwqyae_g
1vhWGvxy5C6jpvIax77Ah8BcWUCTQMVSd,https://drive.google.com/uc?export=view&id=1vhWGvxy5C6jpvIax77Ah8BcWUCTQMVSd,https://drive.google.com/uc?export=download&id=1vhWGvxy5C6jpvIax77Ah8BcWUCTQMVSd
1vujxups0aeraZTK42kx2sLa54WGv1Axy,https://drive.google.com/uc?export=view&id=1vujxups0aeraZTK42kx2sLa54WGv1Axy,https://drive.google.com/uc?export=download&id=1vujxups0aeraZTK42kx2sLa54WGv1Axy
1vy9EcgEOQ3U2yqPjtMyoSqqSJRJBnSz-,https://drive.google.com/uc?export=view&id=1vy9EcgEOQ3U2yqPjtMyoSqqSJRJBnSz-,https://drive.google.com/uc?export=download&id=1vy9EcgEOQ3U2yqPjtMyoSqqSJRJBnSz-
1wOeehR6iCsareTGARgAqUMZkfXCecgoV,https://drive.google.com/uc?export=view&id=1wOeehR6iCsareTGARgAqUMZkfXCecgoV,https://drive.google.com/uc?export=download&id=1wOeehR6iCsareTGARgAqUMZkfXCecgoV
1wtffeyH8c9HKud2x4lnnBlGZaDt2Topu,https://drive.google.com/uc?export=view&id=1wtffeyH8c9HKud2x4lnnBlGZaDt2Topu,https://drive.google.com/uc?export=download&id=1wtffeyH8c9HKud2x4lnnBlGZaDt2Topu
1wuymSsOROdWmmYHPUMZXVXasgwsgG3Zl,https://drive.google.com/uc?export=view&id=1wuymSsOROdWmmYHPUMZXVXasgwsgG3Zl,https://drive.google.com/uc?export=download&id=1wuymSsOROdWmmYHPUMZXVXasgwsgG3Zl
1xCGHFf8A6bpqwWSZeF-OT_pL_K1tTBwF,https://drive.google.com/uc?export=view&id=1xCGHFf8A6bpqwWSZeF-OT_pL_K1tTBwF,https://drive.google.com/uc?export=download&id=1xCGHFf8A6bpqwWSZeF-OT_pL_K1tTBwF
1xDYUoMXy87g7q9MAXH5vbbnDj16d46Bq,https://drive.google.com/uc?export=view&id=1xDYUoMXy87g7q9MAXH5vbbnDj16d46Bq,https://drive.google.com/uc?export=download&id=1xDYUoMXy87g7q9MAXH5vbbnDj16d46Bq
1xDgGQVzd9p1mOyxEKL7rjf97S1Np0ieI,https://drive.google.com/uc?export=view&id=1xDgGQVzd9p1mOyxEKL7rjf97S1Np0ieI,https://drive.google.com/uc?export=download&id=1xDgGQVzd9p1mOyxEKL7rjf97S1Np0ieI
1xDrRoSi1LhFWyesfwqC59UIjDuRIAobQ,https://drive.google.com/uc?export=view&id=1xDrRoSi1LhFWyesfwqC59UIjDuRIAobQ,https://drive.google.com/uc?export=download&id=1xDrRoSi1LhFWyesfwqC59UIjDuRIAobQ
1xL-QyQKZ8peHlR2NlOoufOGkgdfTjE2z,https://drive.google.com/uc?export=view&id=1xL-QyQKZ8peHlR2NlOoufOGkgdfTjE2z,https://drive.google.com/uc?export=download&id=1xL-QyQKZ8peHlR2NlOoufOGkgdfTjE2z
1xPc8UFrlqirTXaH7PWR3FQL3JU9M3GD9,https://drive.google.com/uc?export=view&id=1xPc8UFrlqirTXaH7PWR3FQL3JU9M3GD9,https://drive.google.com/uc?export=download&id=1xPc8UFrlqirTXaH7PWR3FQL3JU9M3GD9
1xWq0NPT4ZceKK3kPZkppsgJXVbEo8ZOi,https://drive.google.com/uc?export=view&id=1xWq0NPT4ZceKK3kPZkppsgJXVbEo8ZOi,https://drive.google.com/uc?export=download&id=1xWq0NPT4ZceKK3kPZkppsgJXVbEo8ZOi
1xjAmMAaNtJP9LmRqjJ3dA1_zg8FXTvqx,https://drive.google.com/uc?export=view&id=1xjAmMAaNtJP9LmRqjJ3dA1_zg8FXTvqx,https://drive.google.com/uc?export=download&id=1xjAmMAaNtJP9LmRqjJ3dA1_zg8FXTvqx
1xjBwYBCuI3gnWE0eYCkhIUTn5aQNT43K,https://drive.google.com/uc?export=view&id=1xjBwYBCuI3gnWE0eYCkhIUTn5aQNT43K,https://drive.google.com/uc?export=download&id=1xjBwYBCuI3gnWE0eYCkhIUTn5aQNT43K
1xrcd5OJO_31zvAcTt7PnFfvOc5lRrkzB,https://drive.google.com/uc?export=view&id=1xrcd5OJO_31zvAcTt7PnFfvOc5lRrkzB,https://drive.google.com/uc?export=download&id=1xrcd5OJO_31zvAcTt7PnFfvOc5lRrkzB
1xtDdIK2f7gy-B_0cQAFgjQqJpW27PTfl,https://drive.google.com/uc?export=view&id=1xtDdIK2f7gy-B_0cQAFgjQqJpW27PTfl,https://drive.google.com/uc?export=download&id=1xtDdIK2f7gy-B_0cQAFgjQqJpW27PTfl
1xvYJoSXL0jGLzgOecFUjwViukOG0VA5u,https://drive.google.com/uc?export=view&id=1xvYJoSXL0jGLzgOecFUjwViukOG0VA5u,https://drive.google.com/uc?export=download&id=1xvYJoSXL0jGLzgOecFUjwViukOG0VA5u
1xz8s41uI1DXuBlDWESJJI-_LUKaVJPnb,https://drive.google.com/uc?export=view&id=1xz8s41uI1DXuBlDWESJJI-_LUKaVJPnb,https://drive.google.com/uc?export=download&id=1xz8s41uI1DXuBlDWESJJI-_LUKaVJPnb
1yDC7ZhA8C5BO9soqZBTPmr5yARUXGn0r,https://drive.google.com/uc?export=view&id=1yDC7ZhA8C5BO9soqZBTPmr5yARUXGn0r,https://drive.google.com/uc?export=download&id=1yDC7ZhA8C5BO9soqZBTPmr5yARUXGn0r
1yI1t7aikU93shUpAOZhHgScBB49Em6w0,https://drive.google.com/uc?export=view&id=1yI1t7aikU93shUpAOZhHgScBB49Em6w0,https://drive.google.com/uc?export=download&id=1yI1t7aikU93shUpAOZhHgScBB49Em6w0
1yOQikkPhDFGbkRNAxMPjBkfBEWMxuAp-,https://drive.google.com/uc?export=view&id=1yOQikkPhDFGbkRNAxMPjBkfBEWMxuAp-,https://drive.google.com/uc?export=download&id=1yOQikkPhDFGbkRNAxMPjBkfBEWMxuAp-
1ygf8oHZ4nG0g8rWwH4It3jGz33_IG-lU,https://drive.google.com/uc?export=view&id=1ygf8oHZ4nG0g8rWwH4It3jGz33_IG-lU,https://drive.google.com/uc?export=download&id=1ygf8oHZ4nG0g8rWwH4It3jGz33_IG-lU
1yoZlY5ktGIsd_pNWlGPfWdyo4WIDaMOO,https://drive.google.com/uc?export=view&id=1yoZlY5ktGIsd_pNWlGPfWdyo4WIDaMOO,https://drive.google.com/uc?export=download&id=1yoZlY5ktGIsd_pNWlGPfWdyo4WIDaMOO
1z7v6UsXFCgfHEFNUPi2Q065DAOr6Inxp,https://drive.google.com/uc?export=view&id=1z7v6UsXFCgfHEFNUPi2Q065DAOr6Inxp,https://drive.google.com/uc?export=download&id=1z7v6UsXFCgfHEFNUPi2Q065DAOr6Inxp
1zFinYK31iELXy0IIFDT878Kszoo4BmRE,https://drive.google.com/uc?export=view&id=1zFinYK31iELXy0IIFDT878Kszoo4BmRE,https://drive.google.com/uc?export=download&id=1zFinYK31iELXy0IIFDT878Kszoo4BmRE
1zVIE3FThUIEDOOaZ9lCYhp3wJPA3Rfc9,https://drive.google.com/uc?export=view&id=1zVIE3FThUIEDOOaZ9lCYhp3wJPA3Rfc9,https://drive.google.com/uc?export=download&id=1zVIE3FThUIEDOOaZ9lCYhp3wJPA3Rfc9
1zVll6dM_On4af7mey3jmmOVuilqhVw1G,https://drive.google.com/uc?export=view&id=1zVll6dM_On4af7mey3jmmOVuilqhVw1G,https://drive.google.com/uc?export=download&id=1zVll6dM_On4af7mey3jmmOVuilqhVw1G
1zX0lSsoHWqd9RI3N6UEJSBkB8KLuy_mB,https://drive.google.com/uc?export=view&id=1zX0lSsoHWqd9RI3N6UEJSBkB8KLuy_mB,https://drive.google.com/uc?export=download&id=1zX0lSsoHWqd9RI3N6UEJSBkB8KLuy_mB
1zfpsQZfH4spH_UwY4omuoPLKFd_Tvijv,https://drive.google.com/uc?export=view&id=1zfpsQZfH4spH_UwY4omuoPLKFd_Tvijv,https://drive.google.com/uc?export=download&id=1zfpsQZfH4spH_UwY4omuoPLKFd_Tvijv
1zv74e8j-3vrgR6M1m3ni-0p3Hly8vxa2,https://drive.google.com/uc?export=view&id=1zv74e8j-3vrgR6M1m3ni-0p3Hly8vxa2,https://drive.google.com/uc?export=download&id=1zv74e8j-3vrgR6M1m3ni-0p3Hly8vxa2
